"OU";"Name";"Surname";"initials";"givenName";"DisplayName";"SamAccountName";"description";"MemberOf";"Gender";"Species";"physicalDeliveryOfficeName";"OfficePhone";"EmailAddress";"HomePage";"streetAddress";"POBox";"City";"State";"postalCode";"Country";"ChangePasswordAtLogon";"scriptpath";"Homedrive";"homePhone";"pager";"MobilePhone";"info";"title";"department";"departmentNumber";"Organization";"Company";"employeeID";"employeeNumber";"employeeType";"Exchange Alias";"Exchange Mailbox Store";"Instant Messaging Home Server ";"Instant Messaging URL ";"Enabled"
"BAAD";"bidark";"DARKLIGHTER";"";"Biggs";"DARKLIGHTER, Biggs";"bidark";"Battleship Master Pilot";"A New Hope";"Male";"Human";"";"+52 (834)  580-5859";"biggs.darklighter@EguibarIT.com";"http://www.eguibarit.com";"";"50781";"Tatooine";"Jalisco";"CB25-1907";"MX";"0";"";"U:";"";"";"+52 (82)  14-7211";"Default password is ""P@ssword 123456"" without quotes";"Pilot";"Battleship Master Pilot";"";"";"";"588695";"751452";"Permanent";"";"";"";"";"1"
"BAAD";"codook";"DOOKU";"";"Count";"DOOKU, Count";"codook";"Dark Lord of the Sith";"Attack of the Clones, Revenge of the Sith";"Male";"Human";"";"+33 (206)  859-4034";"count.dooku@EguibarIT.com";"http://www.eguibarit.com";"";"62961";"Serenno";"Tolouse";"UT77-8759";"FR";"0";"";"U:";"";"";"+33 (581)  981-4149";"Default password is ""P@ssword 123456"" without quotes";"Lord";"";"";"";"";"423751";"889363";"Permanent";"";"";"";"";"1"
"BAAD";"nuguna";"GUNARY";"";"Nute";"GUNARY, Nute";"nuguna";"Trade Federation Viceroy";"Attack of the Clones, The Phantom Menace, Revenge of the Sith";"Male";"Neimodian";"";"+34 (223)  747-6916";"nute.gunary@EguibarIT.com";"http://www.eguibarit.com";"";"84609";"Cato Neimoidia";"Madrid";"WQ28-4086";"ES";"0";"";"U:";"";"";"+34 (61)  396-5260";"Default password is ""P@ssword 123456"" without quotes";"Viceroy";"Goverment";"";"";"Intergalactic Trade Federation";"109596";"752221";"Permanent";"";"";"";"";"1"
"BAAD";"grgene";"GENERAL";"";"Grievous";"GENERAL, Grievous";"grgene";"Supreme Commander of the Confederacy of Independent Systems";"Revenge of the Sith";"Male";"Kaleesh";"";"+27 (769)  20-2309";"grievous.general@EguibarIT.com";"http://www.eguibarit.com";"";"56841";"Kalee";"Gauteng";"FD42-6417";"SA";"0";"";"U:";"";"";"+27 (561)  603-3909";"Default password is ""P@ssword 123456"" without quotes";"Commander";"";"";"";"";"340379";"761735";"Permanent";"";"";"";"";"1"
"BAAD";"caneed";"NEEDA";"";"Captain";"NEEDA, Captain";"caneed";"Captain Needa commanded the Avenger, one of the Imperial Star Destroyers that fought for the Empire at the Battle of Hoth. His ship pursued the fleeing Millennium Falcon, but the freighter escaped under mysterious circumstances. Baffled but contrite, Needa decided it was his duty to apologize to Darth Vader for losing the ship.";"The empire strikes back";"Male";"Human";"";"";"Captain.NEEDA@EguibarIT.com";"http://www.eguibarit.com";"";"34128";"";"Valencia";"YY91-4129";"ES";"0";"";"U:";"";"";"";"Default password is ""P@ssword 123456"" without quotes";"Captain";"";"";"";"Galactic Empire";"5674383";"6120266";"Contractor";"";"";"";"";"1"
"BAAD";"dasidi";"SIDIOUS | PALPATINE";"";"Darth";"SIDIOUS | PALPATINE, Darth";"dasidi";"Emperor of the Galactic Empire";"The Empire Strikes Back, Attack of the Clones, The Phantom Menace, Revenge of the Sith, Return of the Jedi";"Male";"Human";"";"+39 (389)  358-5721";"darth.sidious | palpatine@EguibarIT.com";"http://www.eguibarit.com";"";"70741";"Naboo";"Calabria";"WK76-3942";"IT";"0";"";"U:";"";"";"+39 (35)  635-1026";"Default password is ""P@ssword 123456"" without quotes";"Emperor";"Goverment";"";"";"Galactic Empire";"42586";"141123";"Permanent";"";"";"";"";"1"
"BAAD";"davade";"VADER";"";"Darth";"VADER, Darth";"davade";"Supreme Commander";"The Empire Strikes Back, Revenge of the Sith, Return of the Jedi, A New Hope";"Male";"Human";"";"+27 (240)  998-8777";"darth.vader@EguibarIT.com";"http://www.eguibarit.com";"";"80582";"Death Star";"Western Cape";"YQ73-7424";"SA";"0";"";"U:";"";"";"+27 (891)  11-8668";"Default password is ""P@ssword 123456"" without quotes";"Commander";"";"";"";"";"125412";"954033";"Permanent";"";"";"";"";"1"
"BAAD";"gehux";"HUX";"";"General";"HUX, General";"gehux";"First order General";"The Force Awakenes, The Last Jedi";"Male";"Human";"";"+55 (879)  740-3674";"general.hux@EguibarIT.com";"http://www.eguibarit.com";"";"12689";"Arkanis";"Bahia";"PY92-1054";"BR";"0";"";"U:";"";"";"+55 (279)  52-9048";"Default password is ""P@ssword 123456"" without quotes";"";"";"";"";"";"629492";"76042";"Broker";"";"";"";"";"1"
"BAAD";"impegu1";"Guard1";"";"Imperial Royal";"IMPERIAL ROYAL, Guard1";"impegu1";"Imperial Royal Guard who protects the Emperor";"The Last Jedi";"Male";"Human";"";"+34 (270)  425-2011";"imperial royal.guard1@EguibarIT.com";"http://www.eguibarit.com";"";"95300";"Kamino";"Valencia";"MO27-8224";"ES";"0";"";"U:";"";"";"+34 (999)  822-8533";"Default password is ""P@ssword 123456"" without quotes";"";"";"";"";"";"256055";"739533";"Broker";"";"";"";"";"1"
"BAAD";"impegu2";"Guard2";"";"Imperial Royal";"IMPERIAL ROYAL, Guard2";"impegu2";"Imperial Royal Guard who protects the Emperor";"The Last Jedi";"Male";"Human";"";"+33 (704)  408-6016";"imperial royal.guard2@EguibarIT.com";"http://www.eguibarit.com";"";"75227";"Kamino";"Tolouse";"WW45-7616";"FR";"0";"";"U:";"";"";"+33 (67)  143-3894";"Default password is ""P@ssword 123456"" without quotes";"";"";"";"";"";"583307";"31295";"Broker";"";"";"";"";"1"
"BAAD";"impegu3";"Guard3";"";"Imperial Royal";"IMPERIAL ROYAL, Guard3";"impegu3";"Imperial Royal Guard who protects the Emperor";"The Last Jedi";"Male";"Human";"";"+39 (435)  995-3379";"imperial royal.guard3@EguibarIT.com";"http://www.eguibarit.com";"";"29528";"Kamino";"Toscana";"AJ65-2425";"IT";"0";"";"U:";"";"";"+39 (939)  237-4003";"Default password is ""P@ssword 123456"" without quotes";"";"";"";"";"";"87364";"426799";"Freelance";"";"";"";"";"1"
"BAAD";"impegu4";"Guard4";"";"Imperial Royal";"IMPERIAL ROYAL, Guard4";"impegu4";"Imperial Royal Guard who protects the Emperor";"The Last Jedi";"Male";"Human";"";"+81 (861)  908-8826";"imperial royal.guard4@EguibarIT.com";"http://www.eguibarit.com";"";"21512";"Kamino";"Okinawa";"TJ76-7239";"JP";"0";"";"U:";"";"";"+81 (828)  402-8051";"Default password is ""P@ssword 123456"" without quotes";"";"";"";"";"";"934102";"632898";"Contractor";"";"";"";"";"1"
"BAAD";"impegu5";"Guard5";"";"Imperial Royal";"IMPERIAL ROYAL, Guard5";"impegu5";"Imperial Royal Guard who protects the Emperor";"The Last Jedi";"Male";"Human";"";"+52 (200)  580-2594";"imperial royal.guard5@EguibarIT.com";"http://www.eguibarit.com";"";"94275";"Kamino";"Veracruz";"SM15-9300";"MX";"0";"";"U:";"";"";"+52 (553)  559-4310";"Default password is ""P@ssword 123456"" without quotes";"";"";"";"";"";"96516";"161810";"Interim";"";"";"";"";"1"
"BAAD";"mocana";"CANADY";"";"Moden";"CANADY, Moden";"mocana";"A veteran officer, Moden Canady was captain of the Siege Dreadnought Fulminatrix, charged with annihilating D’Qar’s Resistance base from orbit. Canady commanded a Star Destroyer in the Imperial Starfleet, and was distressed to find himself surrounded by arrogant, inexperienced young First Order officers. He incinerated the base and was preparing to fire on Leia Organa’s flagship when his warship was destroyed by the Resistance’s last remaining bomber.";"The Last Jedi";"Male";"Human";"";"";"Moden.CANADY@EguibarIT.com";"http://www.eguibarit.com";"";"82535";"";"Okinawa";"RX95-5907";"JP";"0";"";"U:";"";"";"";"Default password is ""P@ssword 123456"" without quotes";"Captain";"";"";"";"First Order";"3222940";"5903473";"Freelance";"";"";"";"";"1"
"BAAD";"edpeav";"PEAVEY";"";"Edrison";"PEAVEY, Edrison";"edpeav";"Edrison Peavey commands the Star Destroyer Finalizer, which requires him to take orders from General Hux. Peavey has little respect for Hux, whom he regards as an arrogant schemer with a poor grasp of tactics. But as a veteran of the Empire, Peavey respects the chain of command and keeps his opinions to himself.";"The Last Jedi";"Male";"Human";"";"";"Edrison.PEAVEY@EguibarIT.com";"http://www.eguibarit.com";"";"84530";"";"Asturias";"GB24-1480";"ES";"0";"";"U:";"";"";"";"Default password is ""P@ssword 123456"" without quotes";"Captain";"";"";"";"First Order";"1096525";"4514596";"Broker";"";"";"";"";"1"
"BAAD";"djdwel";"DWELLS";"";"DJ";"DWELLS, DJ";"djdwel";"An amoral thief and talented slicer, DJ dwells in the shadows thrown off by Canto Bight’s glitz, stealing whatever he needs and resolutely refusing to take sides in the growing conflict between the First Order and the Resistance.";"The last Jedi";"Male";"Human";"";"";"DJ.DWELLS@EguibarIT.com";"http://www.eguibarit.com";"";"84609";"Canto Bight";"Lyon";"AH12-7233";"FR";"0";"";"U:";"";"";"";"Default password is ""P@ssword 123456"" without quotes";"";"";"";"";"Self";"2573535";"3412291";"Freelance";"";"";"";"";"1"
"BAAD";"macode";"CODEBREAKER";"";"Master";"CODEBREAKER, Master";"macode";"He’s a soldier, freedom fighter, ace pilot, top smuggler and a poet with a blaster – and a slicer capable of defeating the toughest security in the galaxy. So Maz Kanata describes the man known only as the Master Codebreaker. His favorite haunt is Canto Bight, where he’s recognizable by the red plom bloom adorning one immaculate lapel of his tuxedo.";"The last Jedi";"Male";"Human";"";"";"Master.CODEBREAKER@EguibarIT.com";"http://www.eguibarit.com";"";"40991";"Canto Bight";"Tolouse";"BO57-5019";"FR";"0";"";"U:";"";"";"";"Default password is ""P@ssword 123456"" without quotes";"";"";"";"";"";"1854637";"2327883";"Permanent";"";"";"";"";"1"
"BAAD";"mogide";"GIDEON";"";"Moff";"GIDEON, Moff";"mogide";"Imperial Moff Gideon is fiercely determined to capture the Child, known as Grogu. Clever and formidable, Gideon values power and knowledge. He wields the ancient Darksaber, an artifact of great import to Mandalorians.";"The Mandalorian";"Male";"Human";"";"";"Moff.GIDEON@EguibarIT.com";"http://www.eguibarit.com";"";"23620";"";"Tokio";"WD44-5377";"JP";"0";"";"U:";"";"";"";"Default password is ""P@ssword 123456"" without quotes";"";"";"";"";"First Order";"6586808";"1654876";"Broker";"";"";"";"";"1"
"BAAD";"damaul";"MAUL";"";"Darth";"MAUL, Darth";"damaul";"Sith Lord apprentice";"The Phantom Menace";"Male";"Zabrak";"";"+52 (473)  494-8889";"darth.maul@EguibarIT.com";"http://www.eguibarit.com";"";"73260";"Dathomir";"Veracruz";"LF11-1339";"MX";"0";"";"U:";"";"";"+52 (68)  950-1922";"Default password is ""P@ssword 123456"" without quotes";"Lord";"";"";"";"";"506754";"204549";"Interim";"";"";"";"";"1"
"BAAD";"jabhut";"THE HUTT";"";"Jabba";"THE HUTT, Jabba";"jabhut";"Crime Lord";"The Phantom Menace, Return of the Jedi, A New Hope";"Hermaphrodite";"Hutt";"";"+33 (563)  989-154";"jabba.the hutt@EguibarIT.com";"http://www.eguibarit.com";"";"60721";"Nal Hutta";"Dijon";"MT36-4749";"FR";"0";"";"U:";"";"";"+33 (665)  649-4056";"Default password is ""P@ssword 123456"" without quotes";"Lord";"";"";"";"Self";"849284";"902152";"Freelance";"";"";"";"";"1"
"BAAD";"caphas";"PHASMMA";"";"Captain";"PHASMMA, Captain";"caphas";"Captain Phasma commands the First Order?s legions of stormtroopers. ";"";"Female";"";"";"+52 (216)  619-7439";"captain.phasmma@EguibarIT.com";"http://www.eguibarit.com";"";"65745";"Galactic Republic";"Veracruz";"PA41-5847";"MX";"0";"";"U:";"";"";"+52 (21)  866-8129";"Default password is ""P@ssword 123456"" without quotes";"";"Soldier";"";"";"First Order";"379732";"895434";"Contractor";"";"";"";"";"1"
"BAAD";"cltroo01";"TROOPER1";"";"Clone1";"TROOPER1, Clone1";"cltroo01";"Stormtrooper Soldier";"";"Female";"Human";"";"+33 (206)  377-9728";"clone1.trooper1@EguibarIT.com";"http://www.eguibarit.com";"";"7291";"Kamino";"Dijon";"YJ99-5584";"FR";"0";"";"U:";"";"";"+33 (647)  719-319";"Default password is ""P@ssword 123456"" without quotes";"Soldier";"Soldier";"";"";"Startrooper Forces";"713073";"797312";"Contractor";"";"";"";"";"1"
"BAAD";"cltroo10";"TROOPER10";"";"Clone10";"TROOPER10, Clone10";"cltroo10";"Stormtrooper Soldier";"";"Female";"Human";"";"+1 (117)  789-3667";"clone10.trooper10@EguibarIT.com";"http://www.eguibarit.com";"";"2457";"Kamino";"Alberta";"FE82-2972";"CA";"0";"";"U:";"";"";"+1 (484)  753-2068";"Default password is ""P@ssword 123456"" without quotes";"Soldier";"Soldier";"";"";"Startrooper Forces";"728477";"602622";"Contractor";"";"";"";"";"1"
"BAAD";"cltroo11";"TROOPER11";"";"Clone11";"TROOPER11, Clone11";"cltroo11";"Stormtrooper Soldier";"";"Female";"Human";"";"+27 (514)  180-6315";"clone11.trooper11@EguibarIT.com";"http://www.eguibarit.com";"";"42955";"Kamino";"Western Cape";"EX56-1770";"SA";"0";"";"U:";"";"";"+27 (945)  600-5866";"Default password is ""P@ssword 123456"" without quotes";"Soldier";"Soldier";"";"";"Startrooper Forces";"359708";"981649";"Contractor";"";"";"";"";"1"
"BAAD";"cltroo12";"TROOPER12";"";"Clone12";"TROOPER12, Clone12";"cltroo12";"Stormtrooper Soldier";"";"Female";"Human";"";"+55 (679)  411-1682";"clone12.trooper12@EguibarIT.com";"http://www.eguibarit.com";"";"54928";"Kamino";"Rio de Janeiro";"GA62-6702";"BR";"0";"";"U:";"";"";"+55 (667)  761-4902";"Default password is ""P@ssword 123456"" without quotes";"Soldier";"Soldier";"";"";"Startrooper Forces";"990526";"246520";"Contractor";"";"";"";"";"1"
"BAAD";"cltroo13";"TROOPER13";"";"Clone13";"TROOPER13, Clone13";"cltroo13";"Stormtrooper Soldier";"";"Female";"Human";"";"+39 (441)  474-9557";"clone13.trooper13@EguibarIT.com";"http://www.eguibarit.com";"";"30952";"Kamino";"Calabria";"KW57-5661";"IT";"0";"";"U:";"";"";"+39 (812)  153-6209";"Default password is ""P@ssword 123456"" without quotes";"Soldier";"Soldier";"";"";"Startrooper Forces";"991900";"992693";"Contractor";"";"";"";"";"1"
"BAAD";"cltroo14";"TROOPER14";"";"Clone14";"TROOPER14, Clone14";"cltroo14";"Stormtrooper Soldier";"";"Female";"Human";"";"+34 (895)  370-6255";"clone14.trooper14@EguibarIT.com";"http://www.eguibarit.com";"";"45619";"Kamino";"Asturias";"RI37-4138";"ES";"0";"";"U:";"";"";"+34 (636)  241-849";"Default password is ""P@ssword 123456"" without quotes";"Soldier";"Soldier";"";"";"Startrooper Forces";"793767";"691620";"Contractor";"";"";"";"";"1"
"BAAD";"cltroo15";"TROOPER15";"";"Clone15";"TROOPER15, Clone15";"cltroo15";"Stormtrooper Soldier";"";"Female";"Human";"";"+81 (942)  135-5735";"clone15.trooper15@EguibarIT.com";"http://www.eguibarit.com";"";"23341";"Kamino";"Okinawa";"SP94-7630";"JP";"0";"";"U:";"";"";"+81 (402)  30-7463";"Default password is ""P@ssword 123456"" without quotes";"Soldier";"Soldier";"";"";"Startrooper Forces";"123154";"947760";"Contractor";"";"";"";"";"1"
"BAAD";"cltroo16";"TROOPER16";"";"Clone16";"TROOPER16, Clone16";"cltroo16";"Stormtrooper Soldier";"";"Female";"Human";"";"+52 (723)  866-2257";"clone16.trooper16@EguibarIT.com";"http://www.eguibarit.com";"";"35438";"Kamino";"Veracruz";"UQ75-6853";"MX";"0";"";"U:";"";"";"+52 (475)  895-9039";"Default password is ""P@ssword 123456"" without quotes";"Soldier";"Soldier";"";"";"Startrooper Forces";"763981";"584854";"Contractor";"";"";"";"";"1"
"BAAD";"cltroo17";"TROOPER17";"";"Clone17";"TROOPER17, Clone17";"cltroo17";"Stormtrooper Soldier";"";"Male";"Human";"";"+33 (264)  665-8537";"clone17.trooper17@EguibarIT.com";"http://www.eguibarit.com";"";"61870";"Kamino";"Tolouse";"FC81-3327";"FR";"0";"";"U:";"";"";"+33 (828)  147-5617";"Default password is ""P@ssword 123456"" without quotes";"Soldier";"Soldier";"";"";"Startrooper Forces";"138974";"790431";"Contractor";"";"";"";"";"1"
"BAAD";"cltroo18";"TROOPER18";"";"Clone18";"TROOPER18, Clone18";"cltroo18";"Stormtrooper Soldier";"";"Male";"Human";"";"+1 (788)  171-2104";"clone18.trooper18@EguibarIT.com";"http://www.eguibarit.com";"";"51239";"Kamino";"British Columbia";"WQ91-7872";"CA";"0";"";"U:";"";"";"+1 (801)  963-9241";"Default password is ""P@ssword 123456"" without quotes";"Soldier";"Soldier";"";"";"Startrooper Forces";"152641";"789582";"Contractor";"";"";"";"";"1"
"BAAD";"cltroo19";"TROOPER19";"";"Clone19";"TROOPER19, Clone19";"cltroo19";"Stormtrooper Soldier";"";"Male";"Human";"";"+27 (441)  689-5708";"clone19.trooper19@EguibarIT.com";"http://www.eguibarit.com";"";"72808";"Kamino";"Limpopo";"IN36-4319";"SA";"0";"";"U:";"";"";"+27 (820)  617-7297";"Default password is ""P@ssword 123456"" without quotes";"Soldier";"Soldier";"";"";"Startrooper Forces";"502771";"582386";"Contractor";"";"";"";"";"1"
"BAAD";"cltroo02";"TROOPER2";"";"Clone2";"TROOPER2, Clone2";"cltroo02";"Stormtrooper Soldier";"";"Female";"Human";"";"+1 (286)  893-9780";"clone2.trooper2@EguibarIT.com";"http://www.eguibarit.com";"";"84982";"Kamino";"Saskachewan";"CF16-7000";"CA";"0";"";"U:";"";"";"+1 (923)  699-8721";"Default password is ""P@ssword 123456"" without quotes";"Soldier";"Soldier";"";"";"Startrooper Forces";"92144";"685446";"Contractor";"";"";"";"";"1"
"BAAD";"cltroo20";"TROOPER20";"";"Clone20";"TROOPER20, Clone20";"cltroo20";"Stormtrooper Soldier";"";"Female";"Human";"";"+55 (3)  454-9149";"clone20.trooper20@EguibarIT.com";"http://www.eguibarit.com";"";"61163";"Kamino";"Bahia";"YE44-3998";"BR";"0";"";"U:";"";"";"+55 (589)  717-5524";"Default password is ""P@ssword 123456"" without quotes";"Soldier";"Soldier";"";"";"Startrooper Forces";"935230";"534321";"Contractor";"";"";"";"";"1"
"BAAD";"cltroo03";"TROOPER3";"";"Clone3";"TROOPER3, Clone3";"cltroo03";"Stormtrooper Soldier";"";"Female";"Human";"";"+27 (100)  742-9650";"clone3.trooper3@EguibarIT.com";"http://www.eguibarit.com";"";"19255";"Kamino";"Gauteng";"IV14-7595";"SA";"0";"";"U:";"";"";"+27 (89)  339-2524";"Default password is ""P@ssword 123456"" without quotes";"Soldier";"Soldier";"";"";"Startrooper Forces";"716666";"750498";"Contractor";"";"";"";"";"1"
"BAAD";"cltroo04";"TROOPER4";"";"Clone4";"TROOPER4, Clone4";"cltroo04";"Stormtrooper Soldier";"";"Male";"Human";"";"+55 (243)  906-7191";"clone4.trooper4@EguibarIT.com";"http://www.eguibarit.com";"";"25265";"Kamino";"Sao Paulo";"XV60-3611";"BR";"0";"";"U:";"";"";"+55 (980)  302-80";"Default password is ""P@ssword 123456"" without quotes";"Soldier";"Soldier";"";"";"Startrooper Forces";"660135";"566279";"Contractor";"";"";"";"";"1"
"BAAD";"cltroo05";"TROOPER5";"";"Clone5";"TROOPER5, Clone5";"cltroo05";"Stormtrooper Soldier";"";"Male";"Human";"";"+39 (898)  138-3367";"clone5.trooper5@EguibarIT.com";"http://www.eguibarit.com";"";"95488";"Kamino";"Toscana";"KP27-2225";"IT";"0";"";"U:";"";"";"+39 (518)  452-7861";"Default password is ""P@ssword 123456"" without quotes";"Soldier";"Soldier";"";"";"Startrooper Forces";"306003";"323192";"Contractor";"";"";"";"";"1"
"BAAD";"cltroo06";"TROOPER6";"";"Clone6";"TROOPER6, Clone6";"cltroo06";"Stormtrooper Soldier";"";"Male";"Human";"";"+34 (127)  354-4571";"clone6.trooper6@EguibarIT.com";"http://www.eguibarit.com";"";"61080";"Kamino";"Valencia";"AZ25-418";"ES";"0";"";"U:";"";"";"+34 (753)  510-2336";"Default password is ""P@ssword 123456"" without quotes";"Soldier";"Soldier";"";"";"Startrooper Forces";"79573";"98948";"Contractor";"";"";"";"";"1"
"BAAD";"cltroo07";"TROOPER7";"";"Clone7";"TROOPER7, Clone7";"cltroo07";"Stormtrooper Soldier";"";"Male";"Human";"";"+81 (561)  478-2233";"clone7.trooper7@EguibarIT.com";"http://www.eguibarit.com";"";"27697";"Kamino";"Osaka";"JQ58-5378";"JP";"0";"";"U:";"";"";"+81 (25)  62-293";"Default password is ""P@ssword 123456"" without quotes";"Soldier";"Soldier";"";"";"Startrooper Forces";"523766";"882682";"Contractor";"";"";"";"";"1"
"BAAD";"cltroo08";"TROOPER8";"";"Clone8";"TROOPER8, Clone8";"cltroo08";"Stormtrooper Soldier";"";"Male";"Human";"";"+52 (735)  647-8119";"clone8.trooper8@EguibarIT.com";"http://www.eguibarit.com";"";"37430";"Kamino";"Jalisco";"YN36-7308";"MX";"0";"";"U:";"";"";"+52 (755)  211-5188";"Default password is ""P@ssword 123456"" without quotes";"Soldier";"Soldier";"";"";"Startrooper Forces";"372666";"827176";"Contractor";"";"";"";"";"1"
"BAAD";"cltroo09";"TROOPER9";"";"Clone9";"TROOPER9, Clone9";"cltroo09";"Stormtrooper Soldier";"";"Female";"Human";"";"+33 (522)  64-1387";"clone9.trooper9@EguibarIT.com";"http://www.eguibarit.com";"";"88941";"Kamino";"Lyon";"DH53-208";"FR";"0";"";"U:";"";"";"+33 (478)  487-7025";"Default password is ""P@ssword 123456"" without quotes";"Soldier";"Soldier";"";"";"Startrooper Forces";"285001";"70793";"Contractor";"";"";"";"";"1"
"BAAD";"sctroo01";"TROOPER1";"";"Scout1";"TROOPER1, Scout1";"sctroo01";"Scout Trooper Soldier";"";"Male";"Human";"";"";"Scout1.TROOPER1@EguibarIT.com";"http://www.eguibarit.com";"";"84609";"Cato Neimoidia";"Madrid";"WQ28-4086";"ES";"0";"";"U:";"";"";"+33 (478)  487-7026";"Default password is ""P@ssword 123456"" without quotes";"Soldier";"Soldier";"";"";"Startrooper Forces";"713073";"797312";"Contractor";"";"";"";"";"1"
"BAAD";"sctroo02";"TROOPER2";"";"Scout2";"TROOPER2, Scout2";"sctroo02";"Scout Trooper Soldier";"";"Female";"Human";"";"";"Scout2.TROOPER2@EguibarIT.com";"http://www.eguibarit.com";"";"56841";"Kalee";"Gauteng";"FD42-6417";"SA";"0";"";"U:";"";"";"+33 (478)  487-7027";"Default password is ""P@ssword 123456"" without quotes";"Soldier";"Soldier";"";"";"Startrooper Forces";"728477";"602622";"Contractor";"";"";"";"";"1"
"BAAD";"sctroo03";"TROOPER3";"";"Scout3";"TROOPER3, Scout3";"sctroo03";"Scout Trooper Soldier";"";"Male";"Human";"";"";"Scout3.TROOPER3@EguibarIT.com";"http://www.eguibarit.com";"";"34128";"";"Valencia";"YY91-4129";"ES";"0";"";"U:";"";"";"+33 (478)  487-7028";"Default password is ""P@ssword 123456"" without quotes";"Soldier";"Soldier";"";"";"Startrooper Forces";"359708";"981649";"Contractor";"";"";"";"";"1"
"BAAD";"sctroo04";"TROOPER4";"";"Scout4";"TROOPER4, Scout4";"sctroo04";"Scout Trooper Soldier";"";"Female";"Human";"";"";"Scout4.TROOPER4@EguibarIT.com";"http://www.eguibarit.com";"";"70741";"Naboo";"Calabria";"WK76-3942";"IT";"0";"";"U:";"";"";"+33 (478)  487-7029";"Default password is ""P@ssword 123456"" without quotes";"Soldier";"Soldier";"";"";"Startrooper Forces";"990526";"246520";"Contractor";"";"";"";"";"1"
"BAAD";"sctroo05";"TROOPER5";"";"Scout5";"TROOPER5, Scout5";"sctroo05";"Scout Trooper Soldier";"";"Male";"Human";"";"";"Scout5.TROOPER5@EguibarIT.com";"http://www.eguibarit.com";"";"80582";"Death Star";"Western Cape";"YQ73-7424";"SA";"0";"";"U:";"";"";"+33 (478)  487-7030";"Default password is ""P@ssword 123456"" without quotes";"Soldier";"Soldier";"";"";"Startrooper Forces";"991900";"992693";"Contractor";"";"";"";"";"1"
"BAAD";"sctroo06";"TROOPER6";"";"Scout6";"TROOPER6, Scout6";"sctroo06";"Scout Trooper Soldier";"";"Female";"Human";"";"";"Scout6.TROOPER6@EguibarIT.com";"http://www.eguibarit.com";"";"12689";"Arkanis";"Bahia";"PY92-1054";"BR";"0";"";"U:";"";"";"+33 (478)  487-7031";"Default password is ""P@ssword 123456"" without quotes";"Soldier";"Soldier";"";"";"Startrooper Forces";"793767";"691620";"Contractor";"";"";"";"";"1"
"BAAD";"sctroo07";"TROOPER7";"";"Scout7";"TROOPER7, Scout7";"sctroo07";"Scout Trooper Soldier";"";"Male";"Human";"";"";"Scout7.TROOPER7@EguibarIT.com";"http://www.eguibarit.com";"";"95300";"Kamino";"Valencia";"MO27-8224";"ES";"0";"";"U:";"";"";"+33 (478)  487-7032";"Default password is ""P@ssword 123456"" without quotes";"Soldier";"Soldier";"";"";"Startrooper Forces";"123154";"947760";"Contractor";"";"";"";"";"1"
"BAAD";"sctroo08";"TROOPER8";"";"Scout8";"TROOPER8, Scout8";"sctroo08";"Scout Trooper Soldier";"";"Female";"Human";"";"";"Scout8.TROOPER8@EguibarIT.com";"http://www.eguibarit.com";"";"75227";"Kamino";"Tolouse";"WW45-7616";"FR";"0";"";"U:";"";"";"+33 (478)  487-7033";"Default password is ""P@ssword 123456"" without quotes";"Soldier";"Soldier";"";"";"Startrooper Forces";"763981";"584854";"Contractor";"";"";"";"";"1"
"BAAD";"sctroo09";"TROOPER9";"";"Scout9";"TROOPER9, Scout9";"sctroo09";"Scout Trooper Soldier";"";"Male";"Human";"";"";"Scout9.TROOPER9@EguibarIT.com";"http://www.eguibarit.com";"";"29528";"Kamino";"Toscana";"AJ65-2425";"IT";"0";"";"U:";"";"";"+33 (478)  487-7034";"Default password is ""P@ssword 123456"" without quotes";"Soldier";"Soldier";"";"";"Startrooper Forces";"138974";"790431";"Contractor";"";"";"";"";"1"
"BAAD";"sctroo10";"TROOPER10";"";"Scout10";"TROOPER10, Scout10";"sctroo10";"Scout Trooper Soldier";"";"Female";"Human";"";"";"Scout10.TROOPER10@EguibarIT.com";"http://www.eguibarit.com";"";"21512";"Kamino";"Okinawa";"TJ76-7239";"JP";"0";"";"U:";"";"";"+33 (478)  487-7035";"Default password is ""P@ssword 123456"" without quotes";"Soldier";"Soldier";"";"";"Startrooper Forces";"152641";"789582";"Contractor";"";"";"";"";"1"
"BAAD";"shtroo01";"TROOPER1";"";"Shock1";"TROOPER1, Shock1";"shtroo01";"Schock Trooper Soldier";"";"Male";"Human";"";"";"Shock1.TROOPER1@EguibarIT.com";"http://www.eguibarit.com";"";"94275";"Kamino";"Veracruz";"SM15-9300";"MX";"0";"";"U:";"";"";"+33 (478)  487-7036";"Default password is ""P@ssword 123456"" without quotes";"Soldier";"Soldier";"";"";"Startrooper Forces";"502771";"582386";"Contractor";"";"";"";"";"1"
"BAAD";"shtroo02";"TROOPER2";"";"Shock2";"TROOPER2, Shock2";"shtroo02";"Schock Trooper Soldier";"";"Female";"Human";"";"";"Shock2.TROOPER2@EguibarIT.com";"http://www.eguibarit.com";"";"82535";"";"Okinawa";"RX95-5907";"JP";"0";"";"U:";"";"";"+33 (478)  487-7037";"Default password is ""P@ssword 123456"" without quotes";"Soldier";"Soldier";"";"";"Startrooper Forces";"92144";"685446";"Contractor";"";"";"";"";"1"
"BAAD";"shtroo03";"TROOPER3";"";"Shock3";"TROOPER3, Shock3";"shtroo03";"Schock Trooper Soldier";"";"Male";"Human";"";"";"Shock3.TROOPER3@EguibarIT.com";"http://www.eguibarit.com";"";"84530";"";"Asturias";"GB24-1480";"ES";"0";"";"U:";"";"";"+33 (478)  487-7038";"Default password is ""P@ssword 123456"" without quotes";"Soldier";"Soldier";"";"";"Startrooper Forces";"935230";"534321";"Contractor";"";"";"";"";"1"
"BAAD";"shtroo04";"TROOPER4";"";"Shock4";"TROOPER4, Shock4";"shtroo04";"Schock Trooper Soldier";"";"Female";"Human";"";"";"Shock4.TROOPER4@EguibarIT.com";"http://www.eguibarit.com";"";"84609";"Canto Bight";"Lyon";"AH12-7233";"FR";"0";"";"U:";"";"";"+33 (478)  487-7039";"Default password is ""P@ssword 123456"" without quotes";"Soldier";"Soldier";"";"";"Startrooper Forces";"716666";"750498";"Contractor";"";"";"";"";"1"
"BAAD";"shtroo05";"TROOPER5";"";"Shock5";"TROOPER5, Shock5";"shtroo05";"Schock Trooper Soldier";"";"Male";"Human";"";"";"Shock5.TROOPER5@EguibarIT.com";"http://www.eguibarit.com";"";"40991";"Canto Bight";"Tolouse";"BO57-5019";"FR";"0";"";"U:";"";"";"+33 (478)  487-7040";"Default password is ""P@ssword 123456"" without quotes";"Soldier";"Soldier";"";"";"Startrooper Forces";"660135";"566279";"Contractor";"";"";"";"";"1"
"BAAD";"shtroo06";"TROOPER6";"";"Shock6";"TROOPER6, Shock6";"shtroo06";"Schock Trooper Soldier";"";"Female";"Human";"";"";"Shock6.TROOPER6@EguibarIT.com";"http://www.eguibarit.com";"";"23620";"";"Tokio";"WD44-5377";"JP";"0";"";"U:";"";"";"+33 (478)  487-7041";"Default password is ""P@ssword 123456"" without quotes";"Soldier";"Soldier";"";"";"Startrooper Forces";"306003";"323192";"Contractor";"";"";"";"";"1"
"BAAD";"shtroo07";"TROOPER7";"";"Shock7";"TROOPER7, Shock7";"shtroo07";"Schock Trooper Soldier";"";"Male";"Human";"";"";"Shock7.TROOPER7@EguibarIT.com";"http://www.eguibarit.com";"";"73260";"Dathomir";"Veracruz";"LF11-1339";"MX";"0";"";"U:";"";"";"+33 (478)  487-7042";"Default password is ""P@ssword 123456"" without quotes";"Soldier";"Soldier";"";"";"Startrooper Forces";"79573";"98948";"Contractor";"";"";"";"";"1"
"BAAD";"shtroo08";"TROOPER8";"";"Shock8";"TROOPER8, Shock8";"shtroo08";"Schock Trooper Soldier";"";"Female";"Human";"";"";"Shock8.TROOPER8@EguibarIT.com";"http://www.eguibarit.com";"";"60721";"Nal Hutta";"Dijon";"MT36-4749";"FR";"0";"";"U:";"";"";"+33 (478)  487-7043";"Default password is ""P@ssword 123456"" without quotes";"Soldier";"Soldier";"";"";"Startrooper Forces";"523766";"882682";"Contractor";"";"";"";"";"1"
"BAAD";"shtroo09";"TROOPER9";"";"Shock9";"TROOPER9, Shock9";"shtroo09";"Schock Trooper Soldier";"";"Male";"Human";"";"";"Shock9.TROOPER9@EguibarIT.com";"http://www.eguibarit.com";"";"65745";"Galactic Republic";"Veracruz";"PA41-5847";"MX";"0";"";"U:";"";"";"+33 (478)  487-7044";"Default password is ""P@ssword 123456"" without quotes";"Soldier";"Soldier";"";"";"Startrooper Forces";"372666";"827176";"Contractor";"";"";"";"";"1"
"BAAD";"shtroo10";"TROOPER10";"";"Shock10";"TROOPER10, Shock10";"shtroo10";"Schock Trooper Soldier";"";"Female";"Human";"";"";"Shock10.TROOPER10@EguibarIT.com";"http://www.eguibarit.com";"";"7291";"Kamino";"Dijon";"YJ99-5584";"FR";"0";"";"U:";"";"";"+33 (478)  487-7045";"Default password is ""P@ssword 123456"" without quotes";"Soldier";"Soldier";"";"";"Startrooper Forces";"285001";"70793";"Contractor";"";"";"";"";"1"
"BAAD";"jetroope";"TROOPER";"";"Jesse";"TROOPER, Jese";"jetroope";"Jesse Clone Trooper";"";"Male";"Human";"";"";"Jesse.TROOPER@EguibarIT.com";"http://www.eguibarit.com";"";"2457";"Kamino";"Alberta";"FE82-2972";"CA";"0";"";"U:";"";"";"+33 (478)  487-7046";"Default password is ""P@ssword 123456"" without quotes";"Soldier";"Soldier";"";"";"Startrooper Forces";"79573";"98948";"Contractor";"";"";"";"";"1"
"BAAD";"sitroo01";"TROOPER1";"";"Sith1";"TROOPER1, Sith1";"sitroo01";"Sith Trooper Soldier";"";"Female";"Human";"";"";"Sith1.TROOPER1@EguibarIT.com";"http://www.eguibarit.com";"";"42955";"Kamino";"Western Cape";"EX56-1770";"SA";"0";"";"U:";"";"";"+33 (478)  487-7047";"Default password is ""P@ssword 123456"" without quotes";"Soldier";"Soldier";"";"";"Startrooper Forces";"523766";"882682";"Contractor";"";"";"";"";"1"
"BAAD";"sitroo02";"TROOPER2";"";"Sith2";"TROOPER1, Sith2";"sitroo02";"Sith Trooper Soldier";"";"Male";"Human";"";"";"Sith2.TROOPER2@EguibarIT.com";"http://www.eguibarit.com";"";"54928";"Kamino";"Rio de Janeiro";"GA62-6702";"BR";"0";"";"U:";"";"";"+33 (478)  487-7048";"Default password is ""P@ssword 123456"" without quotes";"Soldier";"Soldier";"";"";"Startrooper Forces";"372666";"827176";"Contractor";"";"";"";"";"1"
"BAAD";"sitroo03";"TROOPER3";"";"Sith3";"TROOPER1, Sith3";"sitroo03";"Sith Trooper Soldier";"";"Female";"Human";"";"";"Sith3.TROOPER3@EguibarIT.com";"http://www.eguibarit.com";"";"30952";"Kamino";"Calabria";"KW57-5661";"IT";"0";"";"U:";"";"";"+33 (478)  487-7049";"Default password is ""P@ssword 123456"" without quotes";"Soldier";"Soldier";"";"";"Startrooper Forces";"79573";"98948";"Contractor";"";"";"";"";"1"
"BAAD";"coclon";"CLONE";"";"Cody";"CLONE, Cody";"coclon";"Commander Clone";"";"Male";"Human";"";"+39 (970)  119-3790";"cody.clone@EguibarIT.com";"http://www.eguibarit.com";"";"59102";"Kamino";"Sicily";"TS56-6662";"IT";"0";"";"U:";"";"";"+39 (363)  681-2116";"Default password is ""P@ssword 123456"" without quotes";"Commander";"Startrooper Management";"";"";"Startrooper Forces";"167778";"691608";"Contractor";"";"";"";"";"1"
"BAAD";"comott";"MOTTI";"";"Conan Antonio";"MOTTI, Conan Antonio";"comott";"Admiral";"";"Male";"Human";"";"+1 (462)  975-9888";"conan antonio.motti@EguibarIT.com";"http://www.eguibarit.com";"";"21504";"Death Star";"British Columbia";"OF96-3047";"CA";"0";"";"U:";"";"";"+1 (773)  562-9988";"Default password is ""P@ssword 123456"" without quotes";"Admiral";"Goverment";"";"";"";"451204";"773565";"Permanent";"";"";"";"";"1"
"BAAD";"coevaz";"EVAZAN";"";"Cornelius";"EVAZAN, Cornelius";"coevaz";"Vilian";"";"Male";"Human";"";"+34 (124)  610-4657";"cornelius.evazan@EguibarIT.com";"http://www.eguibarit.com";"";"48900";"Galactic Republic";"Madrid";"WU61-6289";"ES";"0";"";"U:";"";"";"+34 (850)  647-2177";"Default password is ""P@ssword 123456"" without quotes";"Vilian";"";"";"";"Self";"885589";"680099";"Freelance";"";"";"";"";"1"
"BAAD";"crmadi";"MADINE";"";"Crix";"MADINE, Crix";"crmadi";"Imperial General";"";"Male";"Human";"";"+81 (626)  6-1134";"crix.madine@EguibarIT.com";"http://www.eguibarit.com";"";"88535";"Galactic Republic";"Osaka";"XT91-5266";"JP";"0";"";"U:";"";"";"+81 (969)  183-6339";"Default password is ""P@ssword 123456"" without quotes";"General";"Goverment";"";"";"";"276980";"646078";"Permanent";"";"";"";"";"1"
"BAAD";"dadofi";"DOFINE";"";"Daulta";"DOFINE, Daulta";"dadofi";"Trade Federation Captain";"";"Male";"Human";"";"+33 (983)  676-4698";"daulta.dofine@EguibarIT.com";"http://www.eguibarit.com";"";"26453";"Galactic Republic";"Lyon";"WE21-6718";"FR";"0";"";"U:";"";"";"+33 (582)  40-5066";"Default password is ""P@ssword 123456"" without quotes";"Captain";"Goverment";"";"";"Intergalactic Trade Federation";"896138";"836536";"Permanent";"";"";"";"";"1"
"BAAD";"kyren";"REN";"";"Kylo";"REN, Kylo";"kyren";"First Order?s champion and Supreme Leader Snoke?s student.";"";"Male";"Human";"";"+34 (113)  981-3206";"kylo.ren@EguibarIT.com";"http://www.eguibarit.com";"";"80126";"Alderaan";"Valencia";"AA72-3937";"ES";"0";"";"U:";"";"";"+34 (659)  220-187";"Default password is ""P@ssword 123456"" without quotes";"";"";"";"";"First Order";"547959";"622159";"Permanent";"";"";"";"";"1"
"BAAD";"lodod";"DOD";"";"Lot";"DOD, Lot";"lodod";"Trade Federation Senator";"";"Male";"Human";"";"+55 (458)  406-1579";"lot.dod@EguibarIT.com";"http://www.eguibarit.com";"";"8164";"Galactic Republic";"Rio de Janeiro";"TD94-162";"BR";"0";"";"U:";"";"";"+55 (434) 132-357-4242";"Default password is ""P@ssword 123456"" without quotes";"Senator";"Goverment";"";"";"Intergalactic Trade Federation";"263377";"673802";"Permanent";"";"";"";"";"1"
"BAAD";"poclon";"CLONE";"";"Ponds";"CLONE, Ponds";"poclon";"Commander Clon";"";"Male";"Human";"";"+81 (588)  446-165";"ponds.clone@EguibarIT.com";"http://www.eguibarit.com";"";"61506";"Kamino";"Tokio";"FZ85-2599";"JP";"0";"";"U:";"";"";"+81 (804)  471-8517";"Default password is ""P@ssword 123456"" without quotes";"Commander";"Startrooper Management";"";"";"Startrooper Forces";"344078";"840822";"Contractor";"";"";"";"";"1"
"BAAD";"reclon";"CLONE";"";"Rex";"CLONE, Rex";"reclon";"Captain Clone";"";"Male";"Human";"";"+52 (578)  32-4181";"rex.clone@EguibarIT.com";"http://www.eguibarit.com";"";"98343";"Kamino";"Jalisco";"AK50-529";"MX";"0";"";"U:";"";"";"+52 (846)  488-1814";"Default password is ""P@ssword 123456"" without quotes";"Captain";"Startrooper Management";"";"";"Startrooper Forces";"962138";"543566";"Contractor";"";"";"";"";"1"
"BAAD";"ristor";"STORMTROOPER";"";"Riot Control";"STORMTROOPER, Riot Control";"ristor";"Use betaplast shields and Z6 batons to keep crowds at bay or to shock or pummel an opponent.";"";"Male";"Human";"";"+81 (695)  425-2666";"riot control.stormtrooper@EguibarIT.com";"http://www.eguibarit.com";"";"12824";"Death Star";"Tokio";"CF28-7952";"JP";"0";"";"U:";"";"";"+81 (635)  11-2067";"Default password is ""P@ssword 123456"" without quotes";"";"Soldier";"";"";"First Order";"182250";"675087";"Permanent";"";"";"";"";"1"
"BAAD";"ruhaak";"HAAKO";"";"Rune";"HAAKO, Rune";"ruhaak";"Trade Federation Official";"";"Male";"Human";"";"+81 (105)  216-4060";"rune.haako@EguibarIT.com";"http://www.eguibarit.com";"";"3177";"Galactic Republic";"Okinawa";"RX95-5907";"JP";"0";"";"U:";"";"";"+81 (512)  453-7899";"Default password is ""P@ssword 123456"" without quotes";"Official";"";"";"";"Intergalactic Trade Federation";"180253";"472127";"Permanent";"";"";"";"";"1"
"BAAD";"gavers";"VERSIO";"";"Garrick";"VERSIO, Garrick";"gavers";"";"";"Male";"Human";"";"";"Garrick.VERSIO@EguibarIT.com";"http://www.eguibarit.com";"";"80126";"Vardos";"Puebla";"QJ47-2566";"MX";"0";"";"U:";"";"";"";"Default password is ""P@ssword 123456"" without quotes";"";"";"";"";"Galactic Empire";"7834372";"4556201";"Contractor";"";"";"";"";"1"
"BAAD";"frgris";"GRISS";"";"Frantis";"GRISS, Frantis";"frgris";"";"";"Male";"Human";"";"";"Frantis.GRISS@EguibarIT.com";"http://www.eguibarit.com";"";"59945";"";"Tokio";"FZ85-2599";"JP";"0";"";"U:";"";"";"";"Default password is ""P@ssword 123456"" without quotes";"Supreme Council";"";"";"";"First Order";"1000170";"4456887";"Permanent";"";"";"";"";"1"
"BAAD";"adpiet";"PIETT";"";"Admiral";"PIETT, Admiral";"adpiet";"";"";"Male";"Human";"";"";"Admiral.PIETT@EguibarIT.com";"http://www.eguibarit.com";"";"52603";"";"Sicily";"LE16-2729";"IT";"0";"";"U:";"";"";"";"Default password is ""P@ssword 123456"" without quotes";"";"";"";"";"Galactic Empire";"4429967";"9929673";"Broker";"";"";"";"";"1"
"GOOD";"jepork";"PORKINS";"T.";"Jek";"PORKINS, Jek";"jepork";"Rebel Alliance Master Pilot";"A New Hope";"Male";"Human";"";"+55 (220) 832-123-9187";"jek.porkins@EguibarIT.com";"http://www.eguibarit.com";"";"85584";"Bestine IV";"Sao Paulo";"ADA-7477";"BR";"0";"";"U:";"";"";"+55 (196) 628-898-2821";"Default password is ""P@ssword 123456"" without quotes";"Pilot";"Rebel Alliance Master Pilot";"";"";"Rebel Alliance";"412978";"671355";"Permanent";"";"";"";"";"1"
"GOOD";"jadodo";"DODONNA";"";"Jan";"DODONNA, Jan";"jadodo";"General Jan Dodonna serves as the military leader of the rebel base on Yavin 4. His calm demeanor hides an incisive, strategic mind that serves the Rebellion well.";"A New Hope";"Male";"Human";"";"";"Jan.DODONNA@EguibarIT.com";"http://www.eguibarit.com";"";"77755";"Yavin 4";"Lyon";"FO48-5398";"FR";"0";"";"U:";"";"";"";"Default password is ""P@ssword 123456"" without quotes";"General";"";"";"";"Rebel Resistence";"3094021";"9930988";"Contractor";"";"";"";"";"1"
"GOOD";"baofee";"OFEE";"";"Barris";"OFEE, Barris";"baofee";"Padawan";"Attack of the Clones";"Female";"Mirialan";"";"+39 (796)  886-3411";"barris.ofee@EguibarIT.com";"http://www.eguibarit.com";"";"30195";"Mirial";"Sicily";"VF36-2657";"IT";"0";"";"U:";"";"";"+39 (153)  256-1345";"Default password is ""P@ssword 123456"" without quotes";"Padawan";"";"";"";"Intergalactic Jedi Order";"305690";"269661";"Interim";"";"";"";"";"1"
"GOOD";"cllars";"LARS";"";"Cliegg";"LARS, Cliegg";"cllars";"modest, good-hearted moisture farmer";"Attack of the Clones";"Male";"Human";"";"+52 (392)  616-6170";"cliegg.lars@EguibarIT.com";"http://www.eguibarit.com";"";"6323";"Tatooine";"Jalisco";"XR63-8819";"MX";"0";"";"U:";"";"";"+52 (486)  445-4551";"Default password is ""P@ssword 123456"" without quotes";"";"";"";"";"";"622820";"126251";"Freelance";"";"";"";"";"1"
"GOOD";"grtyph";"TYPHO";"";"Gregar";"TYPHO, Gregar";"grtyph";"Head of Padm‚ Amidala?s security";"Attack of the Clones";"Male";"Human";"";"+55 (729)  116-7457";"gregar.typho@EguibarIT.com";"http://www.eguibarit.com";"";"9326";"Naboo";"Rio de Janeiro";"IJ73-6980";"BR";"0";"";"U:";"";"";"+55 (865)  460-6897";"Default password is ""P@ssword 123456"" without quotes";"";"";"";"";"";"47291";"959765";"Broker";"";"";"";"";"1"
"GOOD";"nujocas";"NU";"";"Jocasta";"NU, Jocasta";"nujocas";"Chief Librarian";"Attack of the Clones";"Female";"Human";"";"+33 (983)  749-3118";"jocasta.nu@EguibarIT.com";"http://www.eguibarit.com";"";"37480";"Coruscant";"Dijon";"VI27-7065";"FR";"0";"";"U:";"";"";"+33 (897)  520-4357";"Default password is ""P@ssword 123456"" without quotes";"";"";"";"";"";"23420";"80438";"Broker";"";"";"";"";"1"
"GOOD";"baorga";"ORGANA";"";"Bail Prestor";"ORGANA, Bail";"baorga";"Senator";"Attack of the Clones, Revenge of the Sith";"Male";"Human";"";"+34 (814)  998-6096";"bail prestor.organa@EguibarIT.com";"http://www.eguibarit.com";"";"82809";"Alderaan";"Asturias";"GO97-4639";"ES";"0";"";"U:";"";"";"+34 (387)  904-7453";"Default password is ""P@ssword 123456"" without quotes";"Senator";"Goverment";"";"";"";"244092";"354645";"Permanent";"";"";"";"";"1"
"GOOD";"luundu";"UNDULI";"";"Luminara";"UNDULI, Luminara";"luundu";"Served the Jedi Order during the final years of the Galactic Republic, and trained the capable Padawan Barriss Offee";"Attack of the Clones, Revenge of the Sith";"Female";"Mirialan";"";"+27 (585)  230-6433";"luminara.unduli@EguibarIT.com";"http://www.eguibarit.com";"";"60786";"Mirial";"Gauteng";"IS29-2705";"SA";"0";"";"U:";"";"";"+27 (392)  528-510";"Default password is ""P@ssword 123456"" without quotes";"";"";"";"";"";"909195";"3014";"Broker";"";"";"";"";"1"
"GOOD";"shti01";"TI";"";"Shaak";"TI, Shaak";"shti01";"Jedi Master";"Attack of the Clones, Revenge of the Sith";"Female";"Togruta";"";"+34 (788)  130-1217";"shaak.ti@EguibarIT.com";"http://www.eguibarit.com";"";"80614";"Shili";"Asturias";"GB24-1480";"ES";"0";"";"U:";"";"";"+34 (372)  138-2159";"Default password is ""P@ssword 123456"" without quotes";"Jedi Master";"Jedi Council";"";"";"Intergalactic Jedi Order";"714373";"781867";"Permanent";"";"";"";"";"1"
"GOOD";"belars";"LARS";"";"Beru Whitesun ";"LARS, Beru Whitesun ";"belars";"Farmer (Luk's Aunt). As a young, shy girl, Beru Whitesun's aspirations did not reach beyond Tatooine. She was content to marry Owen Lars and lead the tough life of a moisture farmer. Beru also fulfilled the role of guardian and substitute mother to young Luke Skywalker, and repeatedly voiced her support for his dream of joining his friends at the Academy. Beru fell victim to the Empire when Imperial stormtroopers raided the family farm in search of droids thought to have top-secret plans for the Empire's ultimate weapon, the Death Star.";"Attack of the Clones, Revenge of the Sith, A New Hope";"Female";"Human";"";"+34 (78)  812-3448";"beru whitesun .lars@EguibarIT.com";"http://www.eguibarit.com";"";"89262";"Tatooine";"Madrid";"FA64-4183";"ES";"0";"";"U:";"";"";"+34 (358)  43-8407";"Default password is ""P@ssword 123456"" without quotes";"Farmer";"";"";"";"Self";"39492";"580470";"Freelance";"";"";"";"";"1"
"GOOD";"owlars";"LARS";"";"Owen";"LARS, Owen";"owlars";"Farmer (Luke's Uncle)";"Attack of the Clones, Revenge of the Sith, A New Hope";"Male";"Human";"";"+39 (588)  745-8276";"owen.lars@EguibarIT.com";"http://www.eguibarit.com";"";"10045";"Tatooine";"Calabria";"PL33-106";"IT";"0";"";"U:";"";"";"+39 (989)  265-1765";"Default password is ""P@ssword 123456"" without quotes";"Farmer";"";"";"";"Self";"664025";"38645";"Freelance";"";"";"";"";"1"
"GOOD";"shskyw";"SKYWALKER";"";"Shmi";"SKYWALKER, Shmi";"shskyw";"Mother of Anakin Skywalker";"Attack of the Clones, The Phantom Menace";"Female";"Human";"";"+27 (99)  926-7596";"shmi.skywalker@EguibarIT.com";"http://www.eguibarit.com";"";"5817";"Tatooine";"Western Cape";"AS27-4870";"SA";"0";"";"U:";"";"";"+27 (590)  785-4175";"Default password is ""P@ssword 123456"" without quotes";"";"";"";"";"";"423843";"676094";"Broker";"";"";"";"";"1"
"GOOD";"aasecu";"SECURA";"";"Aayla";"SECURA, Aayla";"aasecu";"Jedi Master";"Attack of the Clones, The Phantom Menace, Revenge of the Sith";"Female";"Twi'lek";"";"+52 (631)  980-1671";"aayla.secura@EguibarIT.com";"http://www.eguibarit.com";"";"32580";"Ryloth";"Veracruz";"EY37-7728";"MX";"0";"";"U:";"";"";"+52 (668)  954-1743";"Default password is ""P@ssword 123456"" without quotes";"Jedi Master";"Jedi Council";"";"";"Intergalactic Jedi Order";"638418";"111279";"Permanent";"";"";"";"";"1"
"GOOD";"anskyw";"SKYWALKER";"";"Anakin";"SKYWALKER, Anakin";"anskyw";"Yung Jedi Padawan";"Attack of the Clones, The Phantom Menace, Revenge of the Sith";"Male";"Human";"";"+55 (770)  318-6348";"anakin.skywalker@EguibarIT.com";"http://www.eguibarit.com";"";"43070";"Tatooine";"Bahia";"ND34-9943";"BR";"0";"";"U:";"";"";"+55 (632)  763-4987";"Default password is ""P@ssword 123456"" without quotes";"Padawan";"";"";"";"";"249050";"646404";"Interim";"";"";"";"";"1"
"GOOD";"kimund";"MUNDI";"";"Ki-Adi";"MUNDI, Ki-Adi";"kimund";"Jedi Master";"Attack of the Clones, The Phantom Menace, Revenge of the Sith";"Male";"Cerean";"";"+1 (36)  889-8699";"ki-adi.mundi@EguibarIT.com";"http://www.eguibarit.com";"";"91460";"Cerea";"Alberta";"KI49-2041";"CA";"0";"";"U:";"";"";"+1 (703)  686-3671";"Default password is ""P@ssword 123456"" without quotes";"Jedi Master";"Jedi Council";"";"";"Intergalactic Jedi Order";"666296";"4583";"Permanent";"";"";"";"";"1"
"GOOD";"kifist";"FISTO";"";"Kit";"FISTO, Kit";"kifist";"Jedi Master";"Attack of the Clones, The Phantom Menace, Revenge of the Sith";"Male";"Nautolan";"";"+27 (200)  794-9105";"kit.fisto@EguibarIT.com";"http://www.eguibarit.com";"";"77620";"Glee Anselm";"Limpopo";"IF68-5551";"SA";"0";"";"U:";"";"";"+27 (1)  956-4316";"Default password is ""P@ssword 123456"" without quotes";"Jedi Master";"Jedi Council";"";"";"Intergalactic Jedi Order";"951828";"426695";"Permanent";"";"";"";"";"1"
"GOOD";"mawind";"WINDU";"";"Mace";"WINDU, Mace";"mawind";"Jedi Master";"Attack of the Clones, The Phantom Menace, Revenge of the Sith";"Male";"Human";"";"+55 (219)  946-1828";"mace.windu@EguibarIT.com";"http://www.eguibarit.com";"";"37967";"Haruun Kal";"Sao Paulo";"SJ11-6076";"BR";"0";"";"U:";"";"";"+55 (381)  408-4996";"Default password is ""P@ssword 123456"" without quotes";"Jedi Master";"Jedi Council";"";"";"Intergalactic Jedi Order";"981784";"36427";"Permanent";"";"";"";"";"1"
"GOOD";"paamid";"AMIDALA";"";"Padme";"AMIDALA, Padme";"paamid";"Queen and Senator of Naboo";"Attack of the Clones, The Phantom Menace, Revenge of the Sith";"Female";"Human";"";"+81 (800)  274-9435";"padme.amidala@EguibarIT.com";"http://www.eguibarit.com";"";"86493";"Naboo";"Okinawa";"NT40-5895";"JP";"0";"";"U:";"";"";"+81 (18)  429-115";"Default password is ""P@ssword 123456"" without quotes";"Senator";"";"";"";"";"486675";"60977";"Permanent";"";"";"";"";"1"
"GOOD";"arcryn";"CRYNYD";"";"Arvel";"CRYNYD, Arvel";"arcryn";"Pilot of RZ-1 A-wing interceptor in Green Squadron as leader of the squadron";"Return of the Jedi";"Male";"Human";"";"+1 (372)  293-7792";"arvel.crynyd@EguibarIT.com";"http://www.eguibarit.com";"";"58988";"unknown";"Alberta";"TQ10-4044";"CA";"0";"";"U:";"";"";"+1 (202)  237-1313";"Default password is ""P@ssword 123456"" without quotes";"";"";"";"";"";"582082";"403392";"Broker";"";"";"";"";"1"
"GOOD";"momoth";"MOTHAMA";"";"Mon";"MOTHAMA, Mon";"momoth";"Leader of Rebel Alliance";"Return of the Jedi";"Female";"Human";"";"+34 (686)  241-7573";"mon.mothama@EguibarIT.com";"http://www.eguibarit.com";"";"84530";"Chandrila";"Asturias";"XB11-1515";"ES";"0";"";"U:";"";"";"+34 (547)  568-9215";"Default password is ""P@ssword 123456"" without quotes";"";"";"";"";"Rebel Alliance";"59980";"448744";"Permanent";"";"";"";"";"1"
"GOOD";"wiwarr";"WARRICK";"";"Wicket";"WARRICK, Wicket";"wiwarr";"Wookie";"Return of the Jedi";"Male";"Ewok";"";"+33 (460)  638-9048";"wicket.warrick@EguibarIT.com";"http://www.eguibarit.com";"";"97550";"Endor";"Tolouse";"BO57-5019";"FR";"0";"";"U:";"";"";"+33 (908)  270-3981";"Default password is ""P@ssword 123456"" without quotes";"";"";"";"";"";"345330";"267929";"Permanent";"";"";"";"";"1"
"GOOD";"adackb";"ACKBAR";"";"Admiral";"ACKBAR, Admiral";"adackb";"Rebel Alliance Military Commander";"Return of the Jedi, The Force Awakens";"Male";"Mon Calamari";"";"+27 (494)  283-7730";"admiral.ackbar@EguibarIT.com";"http://www.eguibarit.com";"";"36991";"Mon Cala";"Western Cape";"XJ40-4525";"SA";"0";"";"U:";"";"";"+27 (262)  312-7124";"Default password is ""P@ssword 123456"" without quotes";"Commander";"";"";"";"";"267843";"316904";"Permanent";"";"";"";"";"1"
"GOOD";"witark";"TARKIN";"";"Wilhuff";"TARKIN, Wilhuff";"witark";"Republic captain under Jedi Master Even Piell";"Revenge of the Sith, A New Hope";"Male";"Human";"";"+81 (421)  746-878";"wilhuff.tarkin@EguibarIT.com";"http://www.eguibarit.com";"";"26894";"Eriadu";"Tokio";"WD44-5377";"JP";"0";"";"U:";"";"";"+81 (936)  283-680";"Default password is ""P@ssword 123456"" without quotes";"";"";"";"";"";"935431";"535672";"Interim";"";"";"";"";"1"
"GOOD";"yoda";"";"";"Yoda";"Yoda";"yoda";"Jedi Master";"The Empire Strikes Back, Attack of the Clones, The Phantom Menace, Revenge of the Sith, Return of the Jedi";"Male";"Yoda's species";"";"+52 (190)  938-5989";"yoda@EguibarIT.com";"http://www.eguibarit.com";"";"2913";"unknown";"Veracruz";"NS50-6485";"MX";"0";"";"U:";"";"";"+52 (876)  709-4829";"Default password is ""P@ssword 123456"" without quotes";"Jedi Master";"Jedi Council";"";"";"Intergalactic Jedi Order";"176946";"151497";"Permanent";"";"";"";"";"1"
"GOOD";"obiwan";"KENOBI";"";"Obi-Wan";"KENOBI, Obi-Wan";"obiwan";"Jedi Knigt";"The Empire Strikes Back, Attack of the Clones, The Phantom Menace, Revenge of the Sith, Return of the Jedi, A New Hope";"Male";"Human";"";"+1 (54)  800-8096";"obi-wan.kenobi@EguibarIT.com";"http://www.eguibarit.com";"";"77755";"Stewjon";"Saskachewan";"GL37-2479";"CA";"0";"";"U:";"";"";"+1 (766)  574-6417";"Default password is ""P@ssword 123456"" without quotes";"Jedi Knigt";"";"";"";"";"415145";"143683";"Permanent";"";"";"";"";"1"
"GOOD";"lacalr";"CALRISSIAN";"";"Lando";"CALRISSIAN, Lando";"lacalr";"Former administrator of Cloud City";"The Empire Strikes Back, Return of the Jedi";"Male";"Human";"";"+39 (256)  89-9905";"lando.calrissian@EguibarIT.com";"http://www.eguibarit.com";"";"52603";"Socorro";"Toscana";"PC77-9519";"IT";"0";"";"U:";"";"";"+39 (574)  832-5823";"Default password is ""P@ssword 123456"" without quotes";"CEO";"Administrator";"";"";"Cloud City";"243457";"549087";"Permanent";"";"";"";"";"1"
"GOOD";"weanti";"ANTILLES";"";"Wedge";"ANTILLES, Wedge";"weanti";"Rebel Alliance Master Pilot";"The Empire Strikes Back, Return of the Jedi, A New Hope";"Male";"Human";"";"+81 (193)  483-3747";"wedge.antilles@EguibarIT.com";"http://www.eguibarit.com";"";"82208";"Corellia";"Osaka";"NT77-8685";"JP";"0";"";"U:";"";"";"+81 (126)  121-4404";"Default password is ""P@ssword 123456"" without quotes";"Pilot";"Rebel Alliance Master Pilot";"";"";"Rebel Alliance";"216634";"423307";"Permanent";"";"";"";"";"1"
"GOOD";"hasolo";"SOLO";"";"Han";"SOLO, Han";"hasolo";"Spacecraft Capitan";"The Empire Strikes Back, Return of the Jedi, A New Hope, The Force Awakens";"Male";"Human";"";"+27 (250)  808-5138";"han.solo@EguibarIT.com";"http://www.eguibarit.com";"";"77957";"Corellia";"Gauteng";"ML46-8435";"SA";"0";"";"U:";"";"";"+27 (774)  141-4634";"Default password is ""P@ssword 123456"" without quotes";"Captain";"";"";"";"Self";"290731";"458502";"Freelance";"";"";"";"";"1"
"GOOD";"chwook";"WOOKIE";"";"Chewbacca";"WOOKIE, Chewbacca";"chwook";"Walking Carpet";"The Empire Strikes Back, Revenge of the Sith, Return of the Jedi, A New Hope, The Force Awakens";"Male";"Wookiee";"";"+33 (936)  561-589";"chewbacca.wookie@EguibarIT.com";"http://www.eguibarit.com";"";"15176";"Kashyyyk";"Dijon";"OT48-8205";"FR";"0";"";"U:";"";"";"+33 (751)  991-9398";"Default password is ""P@ssword 123456"" without quotes";"";"";"";"";"";"311520";"750182";"Permanent";"";"";"";"";"1"
"GOOD";"leorga";"ORGANA (Princess)";"";"Leia";"ORGANA (Princess), Leia";"leorga";"Rebel Alliance";"The Empire Strikes Back, Revenge of the Sith, Return of the Jedi, A New Hope, The Force Awakens";"Female";"Human";"";"+52 (836)  397-4109";"leia.organa (princess)@EguibarIT.com";"http://www.eguibarit.com";"";"57518";"Alderaan";"Puebla";"WK84-2167";"MX";"0";"";"U:";"";"";"+52 (389)  641-9841";"Default password is ""P@ssword 123456"" without quotes";"";"";"";"";"Rebel Alliance";"665688";"215450";"Permanent";"";"";"";"";"1"
"GOOD";"luskyw";"SKYWALKER";"";"Luke";"SKYWALKER, Luke";"luskyw";"Last existing Jedi";"The Empire Strikes Back, Revenge of the Sith, Return of the Jedi, A New Hope, The Force Awakens";"Male";"Human";"";"+52 (217)  902-8511";"luke.skywalker@EguibarIT.com";"http://www.eguibarit.com";"";"48653";"Tatooine";"Puebla";"PN13-8168";"MX";"0";"";"U:";"";"";"+52 (78)  275-9578";"Default password is ""P@ssword 123456"" without quotes";"Jedi Knigt";"";"";"";"Intergalactic Jedi Order";"330807";"595211";"Interim";"";"";"";"";"1"
"GOOD";"losant";"SAN TEKKA";"";"Lor";"SAN TEKKA, Lor";"losant";"A legendary traveler and explorer, Lor San Tekka was a longtime ally of the New Republic and the Resistance. After the Battle of Endor, San Tekka helped Luke Skywalker recover secret Jedi lore that the Empire had tried to erase. He then retired to live simply on Jakku, where he followed the dictates of the once-forbidden Church of the Force. Leia Organa sent Poe Dameron in search of San Tekka, who gave him a portion of a map revealing Luke’s planet of exile. San Tekka was then killed by Kylo Ren, who sought the same information.";"The Force Awakenes";"Male";"Human";"";"";"Lor.SAN TEKKA@EguibarIT.com";"http://www.eguibarit.com";"";"19413";"Jakku";"Osaka";"NT77-8685";"JP";"0";"";"U:";"";"";"";"Default password is ""P@ssword 123456"" without quotes";"";"";"";"";"";"3598542";"4191140";"Contractor";"";"";"";"";"1"
"GOOD";"kosell";"SELLA";"";"Korr";"SELLA, Korr";"kosell";"The capable, no-nonsense Korr Sella assisted Leia Organa during her career in the New Republic’s Galactic Senate and remained in her service when Leia left politics to establish the Resistance. Sella served as Leia’s link to the Senate, bringing intelligence to allies and supporters who agreed with her warnings about the First Order. Sella was on Hosnian Prime as Leia’s envoy when the Starkiller superweapon destroyed the system, ending her life.";"The Force Awakenes";"Female";"Human";"";"";"Korr.SELLA@EguibarIT.com";"http://www.eguibarit.com";"";"86493";"D'Qar";"Jalisco";"WN41-3930";"MX";"0";"";"U:";"";"";"";"Default password is ""P@ssword 123456"" without quotes";"";"";"";"";"Rebel Resistence";"1882368";"6061583";"Permanent";"";"";"";"";"1"
"GOOD";"fn2187";"FN-2187";"";"Finn";"FN-2187, Finn";"fn2187";"Trained since birth to serve the First Order as a stormtrooper, but a skirmish on Jakku awakened his conscience and drove him down a different path";"The Force Awakenes";"Male";"Human";"";"+1 (632)  128-6299";"finn.fn-2187@EguibarIT.com";"http://www.eguibarit.com";"";"49397";"unknown";"British Columbia";"HL93-2324";"CA";"0";"";"U:";"";"";"+1 (969)  28-4023";"Default password is ""P@ssword 123456"" without quotes";"";"";"";"";"Rebel Alliance";"217153";"429418";"Contractor";"";"";"";"";"1"
"GOOD";"patiko";"TIKO";"";"Paige";"TIKO, Paige";"patiko";"Pilot and gunner, operates the ventral guns on the Resistance bomber Cobalt Hammer";"The Force Awakenes";"Female";"Human";"";"+39 (793)  17-5877";"paige.tiko@EguibarIT.com";"http://www.eguibarit.com";"";"93808";"Otomok";"Sicily";"UM36-7847";"IT";"0";"";"U:";"";"";"+39 (438)  303-5402";"Default password is ""P@ssword 123456"" without quotes";"";"";"";"";"";"929050";"632232";"Broker";"";"";"";"";"1"
"GOOD";"podame";"DAMERON";"";"Poe";"DAMERON, Poe";"podame";"Commander in the Resistance?s starfighter corps";"The Force Awakenes";"Male";"Human";"";"+34 (779)  712-2195";"poe.dameron@EguibarIT.com";"http://www.eguibarit.com";"";"40991";"unknown";"Asturias";"CL50-7149";"ES";"0";"";"U:";"";"";"+34 (514)  870-5672";"Default password is ""P@ssword 123456"" without quotes";"";"";"";"";"";"575708";"949483";"Broker";"";"";"";"";"1"
"GOOD";"rejakk";"JAKKU";"";"Rey";"JAKKU, Rey";"rejakk";"A scavenger, a survivor toughened by life on a harsh desert planet.";"The Force Awakenes";"Female";"Human";"";"+55 (245)  166-3766";"rey.jakku@EguibarIT.com";"http://www.eguibarit.com";"";"36978";"unknown";"Rio de Janeiro";"CE38-8497";"BR";"0";"";"U:";"";"";"+55 (293)  947-7810";"Default password is ""P@ssword 123456"" without quotes";"";"";"";"";"Rebel Alliance";"372110";"936639";"Interim";"";"";"";"";"1"
"GOOD";"rotiko";"TIKO";"";"Rose";"TIKO, Rose";"rotiko";"Maintenance technician";"The Force Awakenes";"Female";"Human";"";"+33 (535)  365-7103";"rose.tiko@EguibarIT.com";"http://www.eguibarit.com";"";"37711";"Otomok";"Lyon";"FC24-9559";"FR";"0";"";"U:";"";"";"+33 (712)  227-5828";"Default password is ""P@ssword 123456"" without quotes";"";"";"";"";"";"624272";"913010";"Broker";"";"";"";"";"1"
"GOOD";"patico";"TICO";"";"Paige";"TICO, Paige";"patico";"A talented pilot and gunner, Paige Tico operates the ventral guns on the Resistance bomber Cobalt Hammer. She fled the Otomok system and joined the Resistance with her younger sister Rose. Paige loves animals, particularly fathiers, and dreams of seeing one during some quiet period when the galaxy is at peace.";"The last Jedi";"Female";"Human";"";"";"Paige.TICO@EguibarIT.com";"http://www.eguibarit.com";"";"61506";"";"Osaka";"JA85-3124";"JP";"0";"";"U:";"";"";"";"Default password is ""P@ssword 123456"" without quotes";"";"";"";"";"Rebel Resistence";"3483552";"4663678";"Permanent";"";"";"";"";"1"
"GOOD";"ladacy";"D'ACY";"";"Larama";"D'ACY, Larama";"ladacy";"Leia Organa personally recruited Larma D’Acy to join the Resistance after years of service defending the Warlentta system. With the support of her wife, Wrobie Tyce, who adapted her acumen as a courier ship pilot to fight the First Order by Larma’s side, D'Acy has stepped into a broader strategic command position, personally advising General Organa and rolling up her sleeves for the hands-on work of getting the Ajan Kloss outpost fully operational.";"The Last Jedi, The Rise of Skywalker";"Female";"Human";"";"";"Larama.DACY@EguibarIT.com";"http://www.eguibarit.com";"";"14465";"Crait";"Western Cape";"AS27-4870";"SA";"0";"";"U:";"";"";"";"Default password is ""P@ssword 123456"" without quotes";"Commander";"";"";"";"Rebel Resistence";"7554772";"9609900";"Permanent";"";"";"";"";"1"
"GOOD";"qujinn";"JINN";"";"Qui-Gon";"JINN, Qui-Gon";"qujinn";"Jedi Master";"The Phantom Menace";"Male";"Human";"";"+39 (66)  600-3911";"qui-gon.jinn@EguibarIT.com";"http://www.eguibarit.com";"";"10667";"unknown";"Sicily";"LE16-2729";"IT";"0";"";"U:";"";"";"+39 (104)  302-6546";"Default password is ""P@ssword 123456"" without quotes";"Jedi Master";"Jedi Council";"";"";"Intergalactic Jedi Order";"696196";"422997";"Permanent";"";"";"";"";"1"
"GOOD";"yapoof";"POOF";"";"Yarael";"POOF, Yarael";"yapoof";"Member of the Jedi Council during the final years of the Republic";"The Phantom Menace";"Male";"Quermian";"";"+81 (758)  969-2992";"yarael.poof@EguibarIT.com";"http://www.eguibarit.com";"";"24018";"Quermia";"Osaka";"JA85-3124";"JP";"0";"";"U:";"";"";"+81 (928)  21-4621";"Default password is ""P@ssword 123456"" without quotes";"";"";"";"";"";"825027";"108514";"Permanent";"";"";"";"";"1"
"GOOD";"capana";"PANAKA";"";"Captain";"PANAKA, Captain";"capana";"Queen Amidala's loyal protector during the Trade Federation invasion crisis was Captain Panaka. Panaka was often referred to as ""the quickest eyes on Naboo"" for his attention to detail and selfless dedication to the safety of the Queen. Panaka commanded a team of Royal Palace Guards and Security Troopers stationed throughout Theed. During the Trade Federation invasion, Panaka stayed close to the Queen, ensuring her protection from the Neimoidians' plans. His loyalty was such that he would openly question the strategy of Jedi Knights if he thought it would somehow endanger Amidala.";"The phantom Menace";"Male";"Human";"";"";"Captain.PANAKA@EguibarIT.com";"http://www.eguibarit.com";"";"66771";"Naboo";"Tokio";"JO80-516";"JP";"0";"";"U:";"";"";"";"Default password is ""P@ssword 123456"" without quotes";"Captain";"";"";"";"Naboo Royal Guards";"440030";"800034";"Permanent";"";"";"";"";"1"
"GOOD";"adgall";"GALLIA";"";"Adi";"GALLIA, Adi";"adgall";"Jedi Master";"The Phantom Menace, Revenge of the Sith";"Female";"Tholothian";"";"+33 (241)  699-8353";"adi.gallia@EguibarIT.com";"http://www.eguibarit.com";"";"19819";"Coruscant";"Dijon";"RP28-4983";"FR";"0";"";"U:";"";"";"+33 (587)  616-4166";"Default password is ""P@ssword 123456"" without quotes";"Jedi Master";"Jedi Council";"";"";"Intergalactic Jedi Order";"705164";"733297";"Permanent";"";"";"";"";"1"
"GOOD";"eekoth";"KOTH";"";"Eeth";"KOTH, Eeth";"eekoth";"Member of the Jedi High Council in the final years of the order";"The Phantom Menace, Revenge of the Sith";"Male";"Zabrak";"";"+27 (948)  452-8262";"eeth.koth@EguibarIT.com";"http://www.eguibarit.com";"";"20541";"Iridonia";"Limpopo";"LF53-2317";"SA";"0";"";"U:";"";"";"+27 (498)  506-1587";"Default password is ""P@ssword 123456"" without quotes";"";"";"";"";"";"771236";"807418";"Contractor";"";"";"";"";"1"
"GOOD";"bekin";"KIN";"";"Beaumont";"KIN, Beaumont";"bekin";"A historian who once aspired to become an educator, after the destruction of the Hosnian system Beaumont Kin abandoned his academic career to become a captain in the Resistance’s intelligence division. He offers the cause broad knowledge on a variety of topics.";"The Rise of Skywalker";"Male";"Human";"";"";"Beaumont.KIN@EguibarIT.com";"http://www.eguibarit.com";"";"37967";"Hosnian";"Lyon";"FC24-9559";"FR";"0";"";"U:";"";"";"";"Default password is ""P@ssword 123456"" without quotes";"";"";"";"";"Rebel Resistence";"2999461";"2430842";"Permanent";"";"";"";"";"1"
"GOOD";"jannah";"";"";"Jannah";"Jannah";"jannah";"From an oceanic moon, Jannah leads a band of warriors, ready to charge against the forces of the First Order.";"The Rise of Skywalker";"Female";"Human";"";"";"Jannah.@EguibarIT.com";"http://www.eguibarit.com";"";"46979";"";"Alberta";"GL29-4670";"CA";"0";"";"U:";"";"";"";"Default password is ""P@ssword 123456"" without quotes";"";"";"";"";"";"2102023";"5093204";"Permanent";"";"";"";"";"1"
"GOOD";"besolo";"SOLO";"";"Ben";"SOLO, Ben";"besolo";"";"";"Male";"";"";"";"ben.solo@EguibarIT.com";"http://www.eguibarit.com";"";"50781";"Tatooine";"Jalisco";"CB25-1907";"MX";"0";"";"U:";"";"";"";"";"";"";"";"";"";"";"";"";"";"";"";"";""
"GOOD";"brorga";"ORGANA";"";"Breha";"ORGANA, Breha";"brorga";"Queen";"";"Female";"";"";"+81 (182)  990-1633";"breha.organa@EguibarIT.com";"http://www.eguibarit.com";"";"31976";"Alderaan";"Okinawa";"GL52-8774";"JP";"0";"";"U:";"";"";"+81 (57)  547-602";"Default password is ""P@ssword 123456"" without quotes";"Queen";"";"";"";"";"792780";"709224";"Permanent";"";"";"";"";"1"
"GOOD";"daralt";"RALTER";"";"Dak";"RALTER, Dak";"daralt";"Rebel Alliance Master Pilot";"";"Male";"";"";"+1 (606)  459-6481";"dak.ralter@EguibarIT.com";"http://www.eguibarit.com";"";"66337";"Earth";"Saskachewan";"DQ84-6";"CA";"0";"";"U:";"";"";"+1 (873)  648-393";"Default password is ""P@ssword 123456"" without quotes";"Pilot";"Rebel Alliance Master Pilot";"";"";"Rebel Alliance";"775987";"323219";"Permanent";"";"";"";"";"1"
"GOOD";"kaconn";"CONNIX";"";"Kaydel";"KAYDEL, Connix";"kaconn";"A lieutenant at the D’Qar Resistance base, Kaydel Connix coordinated communications during the Starkiller Base raid. She then helped organize the evacuation of D’Qar and served aboard the Raddus. Connix shared Poe Dameron’s misgivings about Vice Admiral Holdo, conspiring with the starfighter ace against their new commander and joining his brief-lived mutiny. She survived the Battle of Crait, escaping with the remnants of the Resistance.";"";"Female";"";"";"+52 (485)  956-9598";"kaydel.connix@EguibarIT.com";"http://www.eguibarit.com";"";"66234";"D'Qar";"Jalisco";"CX88-1726";"MX";"0";"";"U:";"";"";"+52 (979)  323-6554";"Default password is ""P@ssword 123456"" without quotes";"Lieutenant";"Resistence";"";"";"Rebel Resistence";"63216";"981814";"Permanent";"";"";"";"";"1"
"GOOD";"makana";"KANATA";"";"Maz";"KANATA, Maz";"makana";"With more than a thousand years old, a diminutive being with vast experience at surviving in the underworld.";"";"Female";"";"";"+39 (165)  708-6025";"maz.kanata@EguibarIT.com";"http://www.eguibarit.com";"";"66771";"Endor";"Toscana";"CI27-2694";"IT";"0";"";"U:";"";"";"+39 (590)  53-300";"Default password is ""P@ssword 123456"" without quotes";"";"";"";"";"Bar Owner";"664640";"435147";"Contractor";"";"";"";"";"1"
"GOOD";"riolie";"OLI";"";"Ric";"OLI, Ric";"riolie";"Royal Naboo Pilot";"";"Male";"";"";"+52 (776)  89-3326";"ric.oli‚@EguibarIT.com";"http://www.eguibarit.com";"";"43238";"Naboo";"Puebla";"LE80-9121";"MX";"0";"";"U:";"";"";"+52 (399)  991-4558";"Default password is ""P@ssword 123456"" without quotes";"Pilot";"Royal Naboo Pilot";"";"";"";"613507";"747558";"Permanent";"";"";"";"";"1"
"GOOD";"sibibb";"BIBBLE";"";"Sio";"BIBBLE, Sio";"sibibb";"Governor of Naboo";"";"Male";"";"";"+33 (27)  976-3692";"sio.bibble@EguibarIT.com";"http://www.eguibarit.com";"";"67126";"Naboo";"Lyon";"AH12-7233";"FR";"0";"";"U:";"";"";"+33 (544)  495-6859";"Default password is ""P@ssword 123456"" without quotes";"Governor";"Goverment";"";"";"";"366492";"416727";"Permanent";"";"";"";"";"1"
"GOOD";"adstat";"STATURA";"";"Admiral";"STATURA, Admiral";"adstat";"";"";"Male";"Human";"";"";"Admiral.STATURA@EguibarIT.com";"http://www.eguibarit.com";"";"57518";"D'Qar";"Jalisco";"AK50-529";"MX";"0";"";"U:";"";"";"";"Default password is ""P@ssword 123456"" without quotes";"Admiral";"";"";"";"Rebel Resistence";"5784594";"5864403";"Permanent";"";"";"";"";"1"
"GOOD";"ahtano";"TANO";"";"Ahsoka";"TANO, Ahsoka";"ahtano";"";"";"Female";"Togruta";"";"";"Ahsoka.TANO@EguibarIT.com";"http://www.eguibarit.com";"";"6905";"";"Rio de Janeiro";"CE38-8497";"BR";"0";"";"U:";"";"";"";"Default password is ""P@ssword 123456"" without quotes";"";"";"";"";"Intergalactic Jedi Order";"7414766";"155591";"Freelance";"";"";"";"";"1"
"GOOD";"amhold";"HOLDO";"";"Amilyn";"HOLDO, Amilyn";"amhold";"An unconventional Resistance officer, Amilyn Holdo was one of Leia Organa’s oldest friends. She assumed command of the Resistance fleet after Leia was injured. As the peril to the Resistance grew, Holdo’s insistence on secrecy and her brusque manner led her into conflict with Poe Dameron. She sacrificed her life to save the Resistance transports during the desperate flight to Crait.";"";"Female";"Human";"";"";"Amilyn.HOLDO@EguibarIT.com";"http://www.eguibarit.com";"";"48653";"";"Tokio";"CF28-7952";"JP";"0";"";"U:";"";"";"";"Default password is ""P@ssword 123456"" without quotes";"";"";"";"";"Rebel Resistence";"9104245";"6551708";"Permanent";"";"";"";"";"1"
"UGLY";"greedo";"";"";"Greedo";"Greedo";"greedo";"Bounty Hunter";"A New Hope";"Male";"Rodian";"";"+1 (88)  458-9053";"greedo@EguibarIT.com";"http://www.eguibarit.com";"";"64475";"Rodia";"British Columbia";"IB26-1684";"CA";"0";"";"U:";"";"";"+1 (741)  143-5686";"Default password is ""P@ssword 123456"" without quotes";"Bounty Hunter";"";"";"";"Self";"757085";"80159";"Freelance";"";"";"";"";"1"
"UGLY";"pobaba";"BABA";"";"Ponda";"BABA, Ponda";"pobaba";"A burly Aqualish thug, Ponda Baba smuggled spice for Jabba the Hutt alongside his friend Dr. Cornelius Evazan, a murderous former surgeon Ponda had rescued from a bounty hunter. Ponda was one of the alien barflies escaping the heat of Tatooine’s twin suns when Luke Skywalker and Obi-Wan Kenobi visited the Mos Eisley Cantina. Bored and looking for excitement, Ponda picked a fight with Luke, which Evazan quickly escalated. But the two bullies had picked the wrong target – Obi-Wan interceded, taking action when Ponda and Evazan refused to back down. The old Jedi’s lightsaber left Evazan dead and Ponda missing an arm, ending the quarrel rather decisively.";"A New Hope";"Male";"Aqualish";"";"";"Ponda.BABA@EguibarIT.com";"http://www.eguibarit.com";"";"10667";"Tatooine";"Veracruz";"NS50-6485";"MX";"0";"";"U:";"";"";"";"Default password is ""P@ssword 123456"" without quotes";"";"";"";"";"";"177500";"6317997";"Freelance";"";"";"";"";"1"
"UGLY";"dejett";"JETTSTER";"";"Dexter";"JETTSTER, Dexter";"dejett";"Owner of Dex's Diner. Serving mostly hard workers from the area, the diner offered home-style cooked meals and freshly brewed ardees ";"Attack of the Clones";"Male";"Besalisk";"";"+34 (925)  829-9826";"dexter.jettster@EguibarIT.com";"http://www.eguibarit.com";"";"17952";"Ojom";"Madrid";"UD37-2818";"ES";"0";"";"U:";"";"";"+34 (830)  426-2055";"Default password is ""P@ssword 123456"" without quotes";"";"";"";"";"";"933602";"839091";"Broker";"";"";"";"";"1"
"UGLY";"jafett";"FETT";"";"Jango";"FETT, Jango";"jafett";"Bounty Hunter";"Attack of the Clones";"Male";"Human";"";"+34 (385)  908-7404";"jango.fett@EguibarIT.com";"http://www.eguibarit.com";"";"29765";"Concord Dawn";"Valencia";"CZ46-8484";"ES";"0";"";"U:";"";"";"+34 (956)  811-4526";"Default password is ""P@ssword 123456"" without quotes";"Bounty Hunter";"";"";"";"Self";"329546";"637710";"Freelance";"";"";"";"";"1"
"UGLY";"sulama";"SU";"";"Lama";"SU, Lama";"sulama";"The lanky Prime Minister of remote Kamino";"Attack of the Clones";"Male";"Kaminoan";"";"+55 (796)  870-8528";"lama.su@EguibarIT.com";"http://www.eguibarit.com";"";"59945";"Kamino";"Sao Paulo";"NB93-3354";"BR";"0";"";"U:";"";"";"+55 (239)  998-4082";"Default password is ""P@ssword 123456"" without quotes";"";"";"";"";"";"226137";"611899";"Broker";"";"";"";"";"1"
"UGLY";"tawe";"WE";"";"Taun";"WE, Taun";"tawe";"Taun We is the administrative aide to the Prime Minister of Kamino, Lama Su";"Attack of the Clones";"Female";"Kaminoan";"";"+1 (522)  599-3515";"taun.we@EguibarIT.com";"http://www.eguibarit.com";"";"1114";"Kamino";"British Columbia";"ZV10-5600";"CA";"0";"";"U:";"";"";"+1 (111)  460-6412";"Default password is ""P@ssword 123456"" without quotes";"";"";"";"";"";"702046";"200794";"Broker";"";"";"";"";"1"
"UGLY";"zawess";"WESSEL";"";"Zam";"WESSEL, Zam";"zawess";"Bounty Hunter";"Attack of the Clones";"Female";"Clawdite";"";"+1 (227)  147-1418";"zam.wessel@EguibarIT.com";"http://www.eguibarit.com";"";"39311";"Zolan";"Saskachewan";"ME80-9061";"CA";"0";"";"U:";"";"";"+1 (626)  759-4209";"Default password is ""P@ssword 123456"" without quotes";"Bounty Hunter";"";"";"";"Self";"558638";"669542";"Freelance";"";"";"";"";"1"
"UGLY";"pothe";"THE LESSER";"";"Poggle";"THE LESSER, Poggle";"pothe";"leader of the insect-like Geonosians throughout the era of the Clone Wars";"Attack of the Clones, Revenge of the Sith";"Male";"Geonosian";"";"+52 (96)  506-2754";"poggle.the lesser@EguibarIT.com";"http://www.eguibarit.com";"";"23620";"Geonosis";"Puebla";"QJ47-2566";"MX";"0";"";"U:";"";"";"+52 (556)  445-8189";"Default password is ""P@ssword 123456"" without quotes";"";"";"";"";"";"211942";"623532";"Permanent";"";"";"";"";"1"
"UGLY";"jabink";"BINKS";"";"Jar Jar";"BINKS, Jar Jar";"jabink";"Gungang Outcast";"Attack of the Clones, The Phantom Menace";"Male";"Gungan";"";"+34 (615)  378-6186";"jar jar.binks@EguibarIT.com";"http://www.eguibarit.com";"";"35031";"Naboo";"Madrid";"QH53-9252";"ES";"0";"";"U:";"";"";"+34 (924)  407-48";"Default password is ""P@ssword 123456"" without quotes";"";"";"";"";"";"746426";"756195";"Interim";"";"";"";"";"1"
"UGLY";"maamed";"AMEDDA";"";"Mas";"AMEDDA, Mas";"maamed";"Vice Chair of the Galactic Senate during Chancellor Valorum's term";"Attack of the Clones, The Phantom Menace";"Male";"Chagrian";"";"+34 (166)  366-9569";"mas.amedda@EguibarIT.com";"http://www.eguibarit.com";"";"82535";"Champala";"Asturias";"EC31-9830";"ES";"0";"";"U:";"";"";"+34 (105)  332-2583";"Default password is ""P@ssword 123456"" without quotes";"";"";"";"";"";"623178";"490657";"Broker";"";"";"";"";"1"
"UGLY";"watoyd";"TOYDARIAN";"";"Watto";"TOYDARIAN, Watto";"watoyd";"Junk store proprietor";"Attack of the Clones, The Phantom Menace";"Male";"Toydarian";"";"+1 (10)  688-1436";"watto.toydarian@EguibarIT.com";"http://www.eguibarit.com";"";"37404";"Toydaria";"Alberta";"AL31-819";"CA";"0";"";"U:";"";"";"+1 (675)  607-9330";"Default password is ""P@ssword 123456"" without quotes";"Owner";"";"";"";"";"412311";"329052";"Contractor";"";"";"";"";"1"
"UGLY";"plkoon";"KOON";"";"Plo";"KOON, Plo";"plkoon";"Among the wisest members of the Jedi Order";"Attack of the Clones, The Phantom Menace, Revenge of the Sith";"Male";"Kel Dor";"";"+39 (395)  210-8926";"plo.koon@EguibarIT.com";"http://www.eguibarit.com";"";"19413";"Dorin";"Calabria";"ZZ94-5203";"IT";"0";"";"U:";"";"";"+39 (570)  295-9123";"Default password is ""P@ssword 123456"" without quotes";"";"";"";"";"";"505284";"962703";"Broker";"";"";"";"";"1"
"UGLY";"bifort";"FORTUNA";"";"Bib";"FORTUNA, Bib";"bifort";"Majordome";"Return of the Jedi";"Male";"Twi'lek";"";"+81 (214)  824-8984";"bib.fortuna@EguibarIT.com";"http://www.eguibarit.com";"";"43773";"Ryloth";"Osaka";"DG62-6459";"JP";"0";"";"U:";"";"";"+81 (38)  489-3609";"Default password is ""P@ssword 123456"" without quotes";"Majordome";"";"";"";"";"978577";"215122";"Interim";"";"";"";"";"1"
"UGLY";"ninumb";"NUMB";"";"Nien";"NUMB, Nien";"ninumb";"Pilot";"Return of the Jedi";"Male";"Sullustan";"";"+39 (801)  212-2331";"nien.numb@EguibarIT.com";"http://www.eguibarit.com";"";"14465";"Sullust";"Sicily";"FV76-5909";"IT";"0";"";"U:";"";"";"+39 (300)  498-6389";"Default password is ""P@ssword 123456"" without quotes";"Pilot";"Pilot";"";"";"";"416448";"878007";"Permanent";"";"";"";"";"1"
"UGLY";"tawook";"WOOKIE";"";"Tarfull";"WOOKIE, Tarfull";"tawook";"Walking Carpet";"Revenge of the Sith";"Male";"Wookiee";"";"+1 (642)  822-8362";"tarfull.wookie@EguibarIT.com";"http://www.eguibarit.com";"";"12167";"Kashyyyk";"Alberta";"GL29-4670";"CA";"0";"";"U:";"";"";"+1 (119)  746-4671";"Default password is ""P@ssword 123456"" without quotes";"";"";"";"";"";"838343";"400705";"Permanent";"";"";"";"";"1"
"UGLY";"timedo";"MEDON";"";"Tion";"MEDON, Tion";"timedo";"Utapaun Port Administrator";"Revenge of the Sith";"Male";"Pau'an";"";"+52 (459)  338-6818";"tion.medon@EguibarIT.com";"http://www.eguibarit.com";"";"94730";"Utapau";"Jalisco";"WN41-3930";"MX";"0";"";"U:";"";"";"+52 (948)  486-1980";"Default password is ""P@ssword 123456"" without quotes";"Administrator";"";"";"";"";"13039";"128064";"Permanent";"";"";"";"";"1"
"UGLY";"lobot";"";"";"Lobot";"LOBOT";"lobot";"Calrissian's aide and Cloud City's computer liaison officer";"The Empire Strikes Back";"Male";"Human";"";"+1 (90)  376-5";"lobot@EguibarIT.com";"http://www.eguibarit.com";"";"6905";"Bespin";"Alberta";"JR98-3137";"CA";"0";"";"U:";"";"";"+1 (244)  687-5399";"Default password is ""P@ssword 123456"" without quotes";"";"";"";"";"";"672707";"741004";"Broker";"";"";"";"";"1"
"UGLY";"bofett";"FETT";"";"Boba";"FETT, Boba";"bofett";"Bounty Hunter";"The Empire Strikes Back, Attack of the Clones, Return of the Jedi";"Male";"Human";"";"+52 (28)  4-8330";"boba.fett@EguibarIT.com";"http://www.eguibarit.com";"";"90242";"Kamino";"Puebla";"UY35-9910";"MX";"0";"";"U:";"";"";"+52 (215)  783-9635";"Default password is ""P@ssword 123456"" without quotes";"Bounty Hunter";"";"";"";"Self";"5533";"653687";"Freelance";"";"";"";"";"1"
"UGLY";"kuiil";"";"";"Kuiil";"Kuiil";"kuiil";"A vapor farmer on Arvala-7, Kuiil came to seek peace in an out of the way world, which is now being trespassed upon by criminals and mercenaries. He has worked a lifetime to be free of servitude, and offers valuable skills for those willing to meet his price.";"The Mandalorian";"Male";"Ugnaught";"";"";"Kuiil.@EguibarIT.com";"http://www.eguibarit.com";"";"93808";"";"Alberta";"AL31-819";"CA";"0";"";"U:";"";"";"";"Default password is ""P@ssword 123456"" without quotes";"";"";"";"";"";"1302648";"1521513";"Freelance";"";"";"";"";"1"
"UGLY";"bequad";"QUADINAROS";"";"Ben";"QUADINAROS, Ben";"bequad";"Racer";"The Phantom Menace";"Male";"Toong";"";"+39 (306)  10-3936";"ben.quadinaros@EguibarIT.com";"http://www.eguibarit.com";"";"65869";"Tund";"Toscana";"YO11-4284";"IT";"0";"";"U:";"";"";"+39 (982)  59-8633";"Default password is ""P@ssword 123456"" without quotes";"Podracing Pilot";"";"";"";"Redbull Racing Team";"702288";"326713";"Contractor";"";"";"";"";"1"
"UGLY";"gasgan";"";"";"Gasgano";"GASGANO";"gasgan";"A slight, spindly, six-limbed alien, uniquely suited to the extreme sport of Podracing";"The Phantom Menace";"Male";"Xexto";"";"+55 (796)  896-5646";"gasgano@EguibarIT.com";"http://www.eguibarit.com";"";"53081";"Troiken";"Bahia";"GI34-2135";"BR";"0";"";"U:";"";"";"+55 (491)  843-6775";"Default password is ""P@ssword 123456"" without quotes";"";"";"";"";"";"716692";"477191";"Broker";"";"";"";"";"1"
"UGLY";"rotarp";"TARPALS";"";"Roos";"TARPALS, Roos";"rotarp";"The gravelly-voiced patrol chief of Otoh Gunga";"The Phantom Menace";"Male";"Gungan";"";"+1 (176)  106-4897";"roos.tarpals@EguibarIT.com";"http://www.eguibarit.com";"";"97397";"Naboo";"Saskachewan";"WW26-9339";"CA";"0";"";"U:";"";"";"+1 (36)  287-6923";"Default password is ""P@ssword 123456"" without quotes";"";"";"";"";"";"361275";"867226";"Broker";"";"";"";"";"1"
"UGLY";"sedug";"DUG";"";"Sebulba";"DUG, Sebulba";"sedug";"Podracing Legend";"The Phantom Menace";"Male";"Dug";"";"+81 (37)  364-6278";"sebulba.dug@EguibarIT.com";"http://www.eguibarit.com";"";"12595";"Malastare";"Tokio";"JO80-516";"JP";"0";"";"U:";"";"";"+81 (283)  548-9341";"Default password is ""P@ssword 123456"" without quotes";"Podracing Pilot";"";"";"";"Redbull Racing Team";"27737";"959045";"Contractor";"";"";"";"";"1"
"UGLY";"ausing";"SING";"";"Aurra";"SING, Aurra";"ausing";"Bounty Hunter";"";"Male";"";"";"+55 (983)  105-4657";"aurra.sing@EguibarIT.com";"http://www.eguibarit.com";"";"31629";"Galactic Republic";"Bahia";"XQ37-3270";"BR";"0";"";"U:";"";"";"+55 (4)  440-4310";"Default password is ""P@ssword 123456"" without quotes";"Bounty Hunter";"";"";"";"Self";"512280";"52355";"Freelance";"";"";"";"";"1"
"UGLY";"bonuco";"NU-COSIAN";"";"Bobbajo";"NU-COSIAN, Bobbajo";"bonuco";"Storyteller and animal smudgler";"";"Male";"";"";"+27 (346)  868-554";"bobbajo.nu-cosian@EguibarIT.com";"http://www.eguibarit.com";"";"40530";"Naboo";"Gauteng";"OE88-8031";"SA";"0";"";"U:";"";"";"+27 (282)  903-1373";"Default password is ""P@ssword 123456"" without quotes";"";"";"";"";"Self";"102746";"366706";"Contractor";"";"";"";"";"1"
"UGLY";"boprin";"PRINDELL";"";"Bollie";"PRINDELL, Bollie";"boprin";"keeping the Resistance?s starfighter squadrons ready for action on short notice.";"";"Male";"";"";"+52 (142)  4-491";"bollie.prindell@EguibarIT.com";"http://www.eguibarit.com";"";"99101";"Earth";"Puebla";"OL44-1256";"MX";"0";"";"U:";"";"";"+52 (776)  796-3596";"Default password is ""P@ssword 123456"" without quotes";"";"";"";"";"";"374140";"93491";"Interim";"";"";"";"";"1"
"UGLY";"bolyon";"LYONIE";"";"Boss";"LYONIE, Boss";"bolyon";"Leader of the Gungangs";"";"Male";"";"";"+27 (137)  551-6867";"boss.lyonie@EguibarIT.com";"http://www.eguibarit.com";"";"76098";"Naboo";"Limpopo";"XR28-7434";"SA";"0";"";"U:";"";"";"+27 (580)  421-2891";"Default password is ""P@ssword 123456"" without quotes";"Leader";"Goverment";"";"";"";"44797";"348440";"Permanent";"";"";"";"";"1"
"UGLY";"bonass";"NASS";"";"Boss";"NASS, Boss";"bonass";"Council Head of Otoh Gunga";"";"Male";"";"";"+55 (533)  320-4979";"boss.nass@EguibarIT.com";"http://www.eguibarit.com";"";"50908";"Naboo";"Rio de Janeiro";"JB44-5430";"BR";"0";"";"U:";"";"";"+55 (781)  635-7421";"Default password is ""P@ssword 123456"" without quotes";"Council";"Goverment";"";"";"";"799785";"146498";"Permanent";"";"";"";"";"1"
"UGLY";"elasty";"ASTY";"";"Ello";"ASTY, Ello";"elasty";"known among his fellow Resistance pilots for his superb abilities behind the stick";"";"Male";"";"";"+33 (627)  744-8807";"ello.asty@EguibarIT.com";"http://www.eguibarit.com";"";"15120";"Naboo";"Tolouse";"IR85-5480";"FR";"0";"";"U:";"";"";"+33 (993)  102-7693";"Default password is ""P@ssword 123456"" without quotes";"";"";"";"";"";"864840";"658043";"Interim";"";"";"";"";"1"
"UGLY";"marebo";"REBO";"";"Max";"REBO, Max";"marebo";"Intergalactic Musician";"";"Male";"";"";"+27 (150)  829-6630";"max.rebo@EguibarIT.com";"http://www.eguibarit.com";"";"34128";"Tatooine";"Western Cape";"JN77-7516";"SA";"0";"";"U:";"";"";"+27 (712)  693-8126";"Default password is ""P@ssword 123456"" without quotes";"Musician";"";"";"";"Self";"925861";"33922";"Freelance";"";"";"";"";"1"
"UGLY";"ootwi";"TWI'LEK";"";"Oola";"TWI'LEK, Oola";"ootwi";"Intergalactic Dancer";"";"Female";"Human";"";"+55 (491)  133-1429";"oola.twi'lek@EguibarIT.com";"http://www.eguibarit.com";"";"46979";"Tatooine";"Sao Paulo";"CA67-3795";"BR";"0";"";"U:";"";"";"+55 (992)  403-9856";"Default password is ""P@ssword 123456"" without quotes";"Dancer";"";"";"";"Self";"180973";"218291";"Freelance";"";"";"";"";"1"
"UGLY";"sacrum";"CRUMB";"";"Salacius";"CRUMB, Salacius";"sacrum";"Jabba's Pet";"";"Female";"";"";"+34 (867)  630-8553";"salacius.crumb@EguibarIT.com";"http://www.eguibarit.com";"";"78735";"Tatooine";"Valencia";"YY91-4129";"ES";"0";"";"U:";"";"";"+34 (974)  328-5198";"Default password is ""P@ssword 123456"" without quotes";"";"";"";"";"";"635091";"906334";"Permanent";"";"";"";"";"1"
"UGLY";"sysnoo";"SNOOTLES";"";"Sy";"SNOOTLES, Sy";"sysnoo";"Intergalactic Musician";"";"Female";"";"";"+33 (114)  922-5351";"sy.snootles@EguibarIT.com";"http://www.eguibarit.com";"";"74710";"Tatooine";"Lyon";"FO48-5398";"FR";"0";"";"U:";"";"";"+33 (220)  703-8775";"Default password is ""P@ssword 123456"" without quotes";"Musician";"";"";"";"Self";"523150";"337759";"Freelance";"";"";"";"";"1"
"UGLY";"alauka";"AUKA";"";"Alcida";"AUKA, Alcida";"alauka";"Alcida-Auka is the matron of the Caretakers on Ahch-To’s sacred island, and oversees their maintenance of the island’s structures, a religious duty that has fallen to them for eons.";"";"Female";"Lanai";"";"";"Alcida.AUKA@EguibarIT.com";"http://www.eguibarit.com";"";"8164";"Ahch-To";"Puebla";"LE80-9121";"MX";"0";"";"U:";"";"";"";"Default password is ""P@ssword 123456"" without quotes";"";"";"";"";"Caretakers";"7951188";"3108085";"Contractor";"";"";"";"";"1"
"UGLY";"bafrik";"FRIK";"";"Babu";"FRIK, Babu";"bafrik";"A tiny droidsmith working among the Spice Runners of Kijimi, the well-regarded Babu Frik can reprogram or modify virtually any droid, regardless of the security measures protecting its systems.";"";"Male";"Runners";"";"";"Babu.FRIK@EguibarIT.com";"http://www.eguibarit.com";"";"60786";"Kijimi";"Saskachewan";"WW26-9339";"CA";"0";"";"U:";"";"";"";"Default password is ""P@ssword 123456"" without quotes";"";"";"";"";"Self";"8599617";"5832434";"Broker";"";"";"";"";"1"
"GOOD";"rotico";"TICO";"";"Rose";"TICO, Rose";"rotico";"A maintenance tech with a talent for tinkering, Rose Tico joined the Resistance with her sister Paige after the First Order devastated her home system. A chance encounter with Finn pushed her onto the front lines of the new galactic civil war – and her sister’s death caused her to redouble her efforts for the Resistance cause.";"The Last Jedi, The Rise of Skywalker";"Female";"Human";"";"";"Rose.TICO@EguibarIT.com";"http://www.eguibarit.com";"";"98343";"";"Saskachewan";"ME80-9061";"CA";"0";"";"U:";"";"";"";"Default password is ""P@ssword 123456"" without quotes";"";"";"";"";"Rebel Resistence";"1415990";"4044017";"Freelance";"";"";"";"";"1"
